time,on/off,note,velocity,channel,param
0.0,on,62,127,1,
1.0,off,62,0,1,
1.0,on,69,127,1,
2.0,off,69,0,1,
2.0,on,65,127,1,
3.0,off,65,0,1,
3.0,on,62,127,1,
4.0,off,62,0,1,
4.0,on,61,127,1,
5.0,off,61,0,1,
5.0,on,62,127,1,
5.5,off,62,0,1,
5.5,on,64,127,1,
6.0,off,64,0,1,
6.0,on,65,127,1,
7.25,off,65,0,1,
7.25,on,67,127,1,
7.5,off,67,0,1,
7.5,on,65,127,1,
7.75,off,65,0,1,
7.75,on,64,127,1,
8.0,off,64,0,1,
8.0,on,69,127,0,
8.0,on,62,127,1,
8.5,off,62,0,1,
8.5,on,64,127,1,
9.0,off,69,0,0,
9.0,off,64,0,1,
9.0,on,74,127,0,
9.0,on,65,127,1,
9.5,off,65,0,1,
9.5,on,67,127,1,
10.0,off,74,0,0,
10.0,off,67,0,1,
10.0,on,72,127,0,
10.0,on,69,127,1,
10.5,off,69,0,1,
10.5,on,57,127,1,
10.75,off,57,0,1,
10.75,on,59,127,1,
11.0,off,72,0,0,
11.0,off,59,0,1,
11.0,on,69,127,0,
11.0,on,60,127,1,
11.25,off,60,0,1,
11.25,on,57,127,1,
11.5,off,57,0,1,
11.5,on,65,127,1,
12.0,off,69,0,0,
12.0,on,68,127,0,
12.25,off,65,0,1,
12.25,on,59,127,1,
12.5,off,59,0,1,
12.5,on,64,127,1,
13.0,off,68,0,0,
13.0,on,69,127,0,
13.25,off,64,0,1,
13.25,on,65,127,1,
13.5,off,69,0,0,
13.5,off,65,0,1,
13.5,on,71,127,0,
13.5,on,64,127,1,
13.75,off,64,0,1,
13.75,on,62,127,1,
14.0,off,71,0,0,
14.0,off,62,0,1,
14.0,on,72,127,0,
14.0,on,64,127,1,
14.5,off,64,0,1,
14.5,on,66,127,1,
15.0,off,66,0,1,
15.0,on,67,127,1,
15.25,off,72,0,0,
15.25,on,74,127,0,
15.5,off,74,0,0,
15.5,on,72,127,0,
15.75,off,72,0,0,
15.75,on,70,127,0,
16.0,off,70,0,0,
16.0,on,69,127,0,
16.0,on,50,127,3,
16.25,off,69,0,0,
16.25,on,62,127,0,
16.5,off,67,0,1,
16.5,off,62,0,0,
16.5,on,74,127,0,
16.5,on,65,127,1,
17.0,off,50,0,3,
17.0,off,65,0,1,
17.0,on,64,127,1,
17.0,on,57,127,3,
17.5,off,74,0,0,
17.5,on,73,127,0,
18.0,off,64,0,1,
18.0,off,57,0,3,
18.0,off,73,0,0,
18.0,on,74,127,0,
18.0,on,62,127,1,
18.0,on,53,127,3,
18.25,off,74,0,0,
18.25,on,69,127,0,
18.5,off,69,0,0,
18.5,on,72,127,0,
18.75,off,62,0,1,
18.75,on,64,127,1,
19.0,off,53,0,3,
19.0,off,64,0,1,
19.0,on,65,127,1,
19.0,on,50,127,3,
19.25,off,72,0,0,
19.25,on,69,127,0,
19.5,off,69,0,0,
19.5,on,70,127,0,
19.75,off,65,0,1,
19.75,on,62,127,1,
20.0,off,50,0,3,
20.0,off,62,0,1,
20.0,on,67,127,1,
20.0,on,49,127,3,
20.25,off,70,0,0,
20.25,on,64,127,0,
20.5,off,64,0,0,
20.5,on,69,127,0,
20.75,off,67,0,1,
20.75,on,67,127,1,
21.0,off,49,0,3,
21.0,off,67,0,1,
21.0,on,65,127,1,
21.0,on,50,127,3,
21.25,off,65,0,1,
21.25,on,64,127,1,
21.5,off,50,0,3,
21.5,off,64,0,1,
21.5,on,62,127,1,
21.5,on,52,127,3,
21.75,off,62,0,1,
21.75,on,61,127,1,
22.0,off,69,0,0,
22.0,off,52,0,3,
22.0,off,61,0,1,
22.0,on,69,127,0,
22.0,on,62,127,1,
22.0,on,53,127,3,
22.25,off,69,0,0,
22.25,on,72,127,0,
22.5,off,62,0,1,
22.5,on,67,127,1,
22.75,off,72,0,0,
22.75,on,71,127,0,
23.0,off,71,0,0,
23.0,on,72,127,0,
23.25,off,53,0,3,
23.25,on,55,127,3,
23.5,off,67,0,1,
23.5,off,55,0,3,
23.5,on,60,127,1,
23.5,on,53,127,3,
23.75,off,53,0,3,
23.75,on,52,127,3,
24.0,off,60,0,1,
24.0,off,52,0,3,
24.0,on,65,127,1,
24.0,on,57,127,2,
24.0,on,50,127,3,
24.25,off,72,0,0,
24.25,on,62,127,0,
24.5,off,62,0,0,
24.5,on,72,127,0,
24.75,off,65,0,1,
24.75,on,64,127,1,
25.0,off,57,0,2,
25.0,off,50,0,3,
25.0,off,64,0,1,
25.0,on,65,127,1,
25.0,on,62,127,2,
25.25,off,72,0,0,
25.25,on,69,127,0,
25.5,off,69,0,0,
25.5,on,71,127,0,
25.75,off,65,0,1,
25.75,on,56,127,1,
26.0,off,62,0,2,
26.0,off,56,0,1,
26.0,on,64,127,1,
26.0,on,60,127,2,
26.5,off,71,0,0,
26.5,on,69,127,0,
26.5,on,45,127,3,
26.75,off,69,0,0,
26.75,off,45,0,3,
26.75,on,68,127,0,
26.75,on,47,127,3,
27.0,off,60,0,2,
27.0,off,68,0,0,
27.0,off,47,0,3,
27.0,on,69,127,0,
27.0,on,57,127,2,
27.0,on,48,127,3,
27.25,off,48,0,3,
27.25,on,45,127,3,
27.5,off,64,0,1,
27.5,off,45,0,3,
27.5,on,62,127,1,
27.5,on,53,127,3,
27.75,off,62,0,1,
27.75,on,60,127,1,
28.0,off,69,0,0,
28.0,off,57,0,2,
28.0,off,60,0,1,
28.0,on,71,127,0,
28.0,on,62,127,1,
28.0,on,56,127,2,
28.25,off,53,0,3,
28.25,off,62,0,1,
28.25,on,65,127,1,
28.25,on,47,127,3,
28.5,off,65,0,1,
28.5,off,47,0,3,
28.5,on,64,127,1,
28.5,on,52,127,3,
28.75,off,64,0,1,
28.75,on,62,127,1,
29.0,off,71,0,0,
29.0,off,56,0,2,
29.0,off,62,0,1,
29.0,on,72,127,0,
29.0,on,60,127,1,
29.0,on,57,127,2,
29.25,off,52,0,3,
29.25,on,53,127,3,
29.5,off,72,0,0,
29.5,off,60,0,1,
29.5,off,57,0,2,
29.5,off,53,0,3,
29.5,on,74,127,0,
29.5,on,59,127,2,
29.5,on,52,127,3,
29.75,off,52,0,3,
29.75,on,50,127,3,
30.0,off,74,0,0,
30.0,off,59,0,2,
30.0,off,50,0,3,
30.0,on,67,127,0,
30.0,on,60,127,2,
30.0,on,52,127,3,
30.25,off,67,0,0,
30.25,off,52,0,3,
30.25,on,70,127,0,
30.25,on,55,127,3,
30.5,off,70,0,0,
30.5,off,55,0,3,
30.5,on,69,127,0,
30.5,on,54,127,3,
30.75,off,54,0,3,
30.75,on,57,127,3,
31.0,off,57,0,3,
31.0,on,55,127,3,
31.25,off,60,0,2,
31.25,off,69,0,0,
31.25,on,70,127,0,
31.25,on,62,127,2,
31.5,off,70,0,0,
31.5,off,62,0,2,
31.5,on,69,127,0,
31.5,on,60,127,2,
31.75,off,69,0,0,
31.75,off,60,0,2,
31.75,on,67,127,0,
31.75,on,58,127,2,
32.0,off,55,0,3,
32.0,off,58,0,2,
32.0,on,57,127,2,
32.0,on,50,127,3,
32.25,off,67,0,0,
32.25,on,64,127,0,
32.5,off,64,0,0,
32.5,on,65,127,0,
32.75,off,65,0,0,
32.75,on,62,127,0,
33.0,off,62,0,0,
33.0,on,70,127,0,
33.25,off,57,0,2,
33.25,on,53,127,2,
33.5,off,50,0,3,
33.5,off,53,0,2,
33.5,on,55,127,2,
33.5,on,52,127,3,
33.75,off,52,0,3,
33.75,on,50,127,3,
34.0,off,55,0,2,
34.0,off,50,0,3,
34.0,on,60,127,2,
34.0,on,52,127,3,
34.25,off,70,0,0,
34.25,on,67,127,0,
34.5,off,52,0,3,
34.5,off,67,0,0,
34.5,on,69,127,0,
34.5,on,53,127,3,
34.75,off,53,0,3,
34.75,on,52,127,3,
35.0,off,69,0,0,
35.0,off,52,0,3,
35.0,on,74,127,0,
35.0,on,54,127,3,
35.25,off,60,0,2,
35.25,on,57,127,2,
35.5,off,54,0,3,
35.5,off,57,0,2,
35.5,on,59,127,2,
35.5,on,55,127,3,
35.75,off,55,0,3,
35.75,on,54,127,3,
36.0,off,59,0,2,
36.0,off,54,0,3,
36.0,on,64,127,2,
36.0,on,56,127,3,
36.25,off,74,0,0,
36.25,on,71,127,0,
36.5,off,56,0,3,
36.5,off,71,0,0,
36.5,on,72,127,0,
36.5,on,57,127,3,
36.75,off,57,0,3,
36.75,on,56,127,3,
37.0,off,72,0,0,
37.0,off,56,0,3,
37.0,on,77,127,0,
37.0,on,57,127,3,
37.25,off,64,0,2,
37.25,on,61,127,2,
37.5,off,57,0,3,
37.5,off,61,0,2,
37.5,on,62,127,2,
37.5,on,58,127,3,
37.75,off,58,0,3,
37.75,on,57,127,3,
38.0,off,62,0,2,
38.0,off,57,0,3,
38.0,on,67,127,2,
38.0,on,59,127,3,
38.25,off,77,0,0,
38.25,on,74,127,0,
38.5,off,59,0,3,
38.5,off,74,0,0,
38.5,on,76,127,0,
38.5,on,60,127,3,
38.75,off,60,0,3,
38.75,on,59,127,3,
39.0,off,76,0,0,
39.0,off,59,0,3,
39.0,on,69,127,0,
39.0,on,61,127,3,
39.25,off,67,0,2,
39.25,on,64,127,2,
39.5,off,69,0,0,
39.5,off,61,0,3,
39.5,off,64,0,2,
39.5,on,74,127,0,
39.5,on,65,127,2,
39.5,on,62,127,3,
39.75,off,62,0,3,
39.75,on,56,127,3,
40.0,off,65,0,2,
40.0,off,56,0,3,
40.0,on,64,127,2,
40.0,on,57,127,3,
40.25,off,74,0,0,
40.25,on,71,127,0,
40.5,off,71,0,0,
40.5,on,72,127,0,
40.75,off,64,0,2,
40.75,on,69,127,2,
41.0,off,72,0,0,
41.0,off,69,0,2,
41.0,on,65,127,0,
41.0,on,62,127,2,
41.25,off,57,0,3,
41.25,on,53,127,3,
41.5,off,65,0,0,
41.5,off,53,0,3,
41.5,on,70,127,0,
41.5,on,55,127,3,
41.75,off,62,0,2,
41.75,on,64,127,2,
42.0,off,70,0,0,
42.0,off,64,0,2,
42.0,on,69,127,0,
42.0,on,61,127,2,
42.25,off,55,0,3,
42.25,on,52,127,3,
42.5,off,61,0,2,
42.5,off,52,0,3,
42.5,on,62,127,2,
42.5,on,53,127,3,
42.75,off,62,0,2,
42.75,on,57,127,2,
43.0,off,69,0,0,
43.0,off,57,0,2,
43.0,on,62,127,0,
43.0,on,59,127,2,
43.25,off,53,0,3,
43.25,on,50,127,3,
43.5,off,62,0,0,
43.5,off,50,0,3,
43.5,on,67,127,0,
43.5,on,52,127,3,
43.75,off,59,0,2,
43.75,on,61,127,2,
44.0,off,52,0,3,
44.0,off,61,0,2,
44.0,on,62,127,1,
44.0,on,62,127,2,
44.0,on,50,127,3,
44.25,off,67,0,0,
44.25,on,64,127,0,
44.5,off,62,0,2,
44.5,off,64,0,0,
44.5,on,65,127,0,
44.5,on,57,127,2,
44.75,off,65,0,0,
44.75,on,74,127,0,
45.0,off,62,0,1,
45.0,off,74,0,0,
45.0,on,64,127,0,
45.0,on,69,127,1,
45.25,off,50,0,3,
45.25,on,47,127,3,
45.5,off,47,0,3,
45.5,on,49,127,3,
46.0,off,69,0,1,
46.0,off,49,0,3,
46.0,on,65,127,1,
46.0,on,50,127,3,
46.25,off,64,0,0,
46.25,on,62,127,0,
46.5,off,62,0,0,
46.5,on,69,127,0,
46.75,off,50,0,3,
46.75,on,48,127,3,
47.0,off,57,0,2,
47.0,off,65,0,1,
47.0,off,48,0,3,
47.0,on,62,127,1,
47.0,on,58,127,2,
47.0,on,46,127,3,
47.5,off,69,0,0,
47.5,on,67,127,0,
48.0,off,62,0,1,
48.0,off,58,0,2,
48.0,off,46,0,3,
48.0,off,67,0,0,
48.0,on,69,127,0,
48.0,on,61,127,1,
48.0,on,45,127,3,
48.25,on,52,127,2,
48.5,off,52,0,2,
48.5,on,57,127,2,
48.75,off,45,0,3,
48.75,on,43,127,3,
49.0,off,69,0,0,
49.0,off,61,0,1,
49.0,off,43,0,3,
49.0,on,62,127,1,
49.0,on,41,127,3,
49.25,off,57,0,2,
49.25,off,41,0,3,
49.25,on,58,127,2,
49.25,on,43,127,3,
49.5,off,62,0,1,
49.5,off,58,0,2,
49.5,off,43,0,3,
49.5,on,64,127,1,
49.5,on,57,127,2,
49.5,on,41,127,3,
49.75,off,57,0,2,
49.75,off,41,0,3,
49.75,on,55,127,2,
49.75,on,40,127,3,
50.0,off,64,0,1,
50.0,off,55,0,2,
50.0,off,40,0,3,
50.0,on,65,127,1,
50.0,on,57,127,2,
50.0,on,38,127,3,
50.25,off,38,0,3,
50.25,on,41,127,3,
50.5,off,57,0,2,
50.5,off,41,0,3,
50.5,on,59,127,2,
50.5,on,40,127,3,
50.75,off,40,0,3,
50.75,on,38,127,3,
51.0,off,59,0,2,
51.0,off,38,0,3,
51.0,on,60,127,2,
51.0,on,45,127,3,
51.25,off,65,0,1,
51.25,on,67,127,1,
51.5,off,67,0,1,
51.5,on,65,127,1,
51.75,off,45,0,3,
51.75,off,65,0,1,
51.75,on,64,127,1,
51.75,on,41,127,3,
52.0,off,64,0,1,
52.0,off,41,0,3,
52.0,on,62,127,1,
52.0,on,46,127,3,
52.25,off,60,0,2,
52.25,on,57,127,2,
52.5,off,62,0,1,
52.5,off,57,0,2,
52.5,on,67,127,1,
52.5,on,58,127,2,
52.75,off,46,0,3,
52.75,on,43,127,3,
53.0,off,58,0,2,
53.0,off,43,0,3,
53.0,on,57,127,2,
53.0,on,50,127,3,
53.25,off,67,0,1,
53.25,on,64,127,1,
53.5,off,57,0,2,
53.5,off,64,0,1,
53.5,on,65,127,1,
53.5,on,62,127,2,
53.75,off,50,0,3,
53.75,on,53,127,3,
54.0,off,65,0,1,
54.0,off,53,0,3,
54.0,on,64,127,1,
54.0,on,57,127,3,
54.25,off,62,0,2,
54.25,on,59,127,2,
54.5,off,64,0,1,
54.5,off,59,0,2,
54.5,on,69,127,1,
54.5,on,60,127,2,
54.75,off,57,0,3,
54.75,on,45,127,3,
55.0,off,60,0,2,
55.0,off,45,0,3,
55.0,on,59,127,2,
55.0,on,40,127,3,
55.25,off,69,0,1,
55.25,on,66,127,1,
55.5,off,59,0,2,
55.5,off,66,0,1,
55.5,on,67,127,1,
55.5,on,64,127,2,
56.0,off,40,0,3,
56.0,off,67,0,1,
56.0,on,69,127,0,
56.0,on,66,127,1,
56.25,off,64,0,2,
56.25,on,57,127,2,
56.5,off,57,0,2,
56.5,on,62,127,2,
56.75,off,66,0,1,
56.75,on,74,127,1,
57.0,off,69,0,0,
57.0,off,74,0,1,
57.0,on,76,127,0,
57.0,on,68,127,1,
57.0,on,52,127,3,
57.25,off,62,0,2,
57.25,on,62,127,2,
57.5,off,62,0,2,
57.5,on,60,127,2,
57.75,off,60,0,2,
57.75,on,59,127,2,
58.0,off,76,0,0,
58.0,off,68,0,1,
58.0,off,52,0,3,
58.0,off,59,0,2,
58.0,on,72,127,0,
58.0,on,69,127,1,
58.0,on,60,127,2,
58.0,on,57,127,3,
58.25,off,60,0,2,
58.25,on,62,127,2,
58.5,off,69,0,1,
58.5,off,62,0,2,
58.5,on,64,127,2,
58.75,on,57,127,1,
59.0,off,72,0,0,
59.0,off,57,0,3,
59.0,off,57,0,1,
59.0,on,69,127,0,
59.0,on,60,127,1,
59.0,on,53,127,3,
59.25,off,64,0,2,
59.25,on,64,127,2,
59.5,off,60,0,1,
59.5,off,64,0,2,
59.5,on,57,127,1,
59.5,on,62,127,2,
59.75,off,62,0,2,
59.75,on,60,127,2,
60.0,off,69,0,0,
60.0,off,57,0,1,
60.0,off,60,0,2,
60.0,on,68,127,0,
60.0,on,62,127,1,
60.0,on,59,127,2,
60.25,off,53,0,3,
60.25,on,53,127,3,
60.5,off,62,0,1,
60.5,off,53,0,3,
60.5,on,65,127,1,
60.5,on,52,127,3,
60.75,off,52,0,3,
60.75,on,50,127,3,
61.0,off,68,0,0,
61.0,off,59,0,2,
61.0,off,65,0,1,
61.0,off,50,0,3,
61.0,on,69,127,0,
61.0,on,64,127,1,
61.0,on,60,127,2,
61.0,on,48,127,3,
61.25,off,48,0,3,
61.25,on,50,127,3,
61.5,off,69,0,0,
61.5,off,64,0,1,
61.5,off,60,0,2,
61.5,off,50,0,3,
61.5,on,71,127,0,
61.5,on,62,127,1,
61.5,on,56,127,2,
61.5,on,48,127,3,
61.75,off,48,0,3,
61.75,on,47,127,3,
62.0,off,71,0,0,
62.0,off,62,0,1,
62.0,off,56,0,2,
62.0,off,47,0,3,
62.0,on,72,127,0,
62.0,on,60,127,1,
62.0,on,57,127,2,
62.0,on,45,127,3,
62.25,off,57,0,2,
62.25,on,55,127,2,
62.5,off,60,0,1,
62.5,off,55,0,2,
62.5,on,69,127,1,
62.5,on,54,127,2,
62.75,off,54,0,2,
62.75,on,52,127,2,
63.0,off,45,0,3,
63.0,off,52,0,2,
63.0,on,54,127,2,
63.0,on,50,127,3,
63.25,off,72,0,0,
63.25,on,74,127,0,
63.5,off,69,0,1,
63.5,off,54,0,2,
63.5,off,74,0,0,
63.5,on,72,127,0,
63.5,on,62,127,1,
63.5,on,55,127,2,
63.75,off,72,0,0,
63.75,on,70,127,0,
64.0,off,50,0,3,
64.0,off,62,0,1,
64.0,off,70,0,0,
64.0,on,69,127,0,
64.0,on,64,127,1,
64.0,on,49,127,3,
64.25,off,55,0,2,
64.25,on,55,127,2,
64.5,off,69,0,0,
64.5,off,64,0,1,
64.5,off,55,0,2,
64.5,on,69,127,1,
64.5,on,53,127,2,
64.75,off,53,0,2,
64.75,on,52,127,2,
65.0,off,49,0,3,
65.0,off,52,0,2,
65.0,on,53,127,2,
65.0,on,45,127,3,
65.25,off,69,0,1,
65.25,off,53,0,2,
65.25,on,67,127,1,
65.25,on,52,127,2,
65.5,off,67,0,1,
65.5,off,52,0,2,
65.5,on,69,127,0,
65.5,on,65,127,1,
65.5,on,50,127,2,
65.75,off,65,0,1,
65.75,off,50,0,2,
65.75,on,64,127,1,
65.75,on,49,127,2,
66.0,off,45,0,3,
66.0,off,64,0,1,
66.0,off,49,0,2,
66.0,on,62,127,1,
66.0,on,50,127,2,
66.0,on,42,127,3,
66.25,off,69,0,0,
66.25,on,72,127,0,
66.5,off,50,0,2,
66.5,off,72,0,0,
66.5,on,70,127,0,
66.75,off,70,0,0,
66.75,on,69,127,0,
67.0,off,42,0,3,
67.0,off,69,0,0,
67.0,on,70,127,0,
67.0,on,43,127,3,
67.25,off,70,0,0,
67.25,on,69,127,0,
67.5,off,43,0,3,
67.5,off,69,0,0,
67.5,on,67,127,0,
67.5,on,45,127,3,
67.75,off,67,0,0,
67.75,on,66,127,0,
68.0,off,45,0,3,
68.0,off,66,0,0,
68.0,on,67,127,0,
68.0,on,46,127,3,
68.25,off,62,0,1,
68.25,on,62,127,1,
68.5,off,62,0,1,
68.5,on,67,127,1,
68.75,off,67,0,0,
68.75,on,70,127,0,
69.0,off,70,0,0,
69.0,on,64,127,0,
69.25,off,46,0,3,
69.25,off,67,0,1,
69.25,on,67,127,1,
69.25,on,48,127,3,
69.5,off,67,0,1,
69.5,off,48,0,3,
69.5,on,60,127,1,
69.5,on,46,127,3,
69.75,off,64,0,0,
69.75,off,46,0,3,
69.75,on,66,127,0,
69.75,on,45,127,3,
70.0,off,66,0,0,
70.0,off,45,0,3,
70.0,on,67,127,0,
70.0,on,43,127,3,
70.25,off,60,0,1,
70.25,on,57,127,1,
70.5,off,57,0,1,
70.5,on,58,127,1,
70.75,off,67,0,0,
70.75,on,64,127,0,
71.0,off,58,0,1,
71.0,off,64,0,0,
71.0,on,61,127,0,
71.0,on,57,127,1,
71.25,off,43,0,3,
71.25,on,40,127,3,
71.5,off,40,0,3,
71.5,on,41,127,3,
71.75,off,61,0,0,
71.75,on,69,127,0,
72.0,off,41,0,3,
72.0,off,69,0,0,
72.0,on,62,127,0,
72.0,on,46,127,3,
72.25,off,57,0,1,
72.25,on,53,127,1,
72.5,off,53,0,1,
72.5,on,55,127,1,
72.75,off,62,0,0,
72.75,on,65,127,0,
73.0,off,55,0,1,
73.0,off,65,0,0,
73.0,on,64,127,0,
73.0,on,60,127,1,
73.25,off,46,0,3,
73.25,on,43,127,3,
73.5,off,43,0,3,
73.5,on,45,127,3,
73.75,off,64,0,0,
73.75,on,72,127,0,
74.0,off,45,0,3,
74.0,off,72,0,0,
74.0,on,65,127,0,
74.0,on,50,127,3,
74.25,off,60,0,1,
74.25,on,57,127,1,
74.5,off,57,0,1,
74.5,on,59,127,1,
74.75,off,65,0,0,
74.75,on,69,127,0,
75.0,off,59,0,1,
75.0,off,69,0,0,
75.0,on,67,127,0,
75.0,on,64,127,1,
75.25,off,50,0,3,
75.25,on,47,127,3,
75.5,off,47,0,3,
75.5,on,48,127,3,
75.75,off,67,0,0,
75.75,on,76,127,0,
76.0,off,48,0,3,
76.0,off,76,0,0,
76.0,on,69,127,0,
76.0,on,53,127,3,
76.25,off,64,0,1,
76.25,on,61,127,1,
76.5,off,61,0,1,
76.5,on,62,127,1,
76.75,off,69,0,0,
76.75,on,72,127,0,
77.0,off,62,0,1,
77.0,off,72,0,0,
77.0,on,71,127,0,
77.0,on,67,127,1,
77.25,off,53,0,3,
77.25,on,50,127,3,
77.5,off,50,0,3,
77.5,on,52,127,3,
77.75,off,71,0,0,
77.75,on,79,127,0,
78.0,off,52,0,3,
78.0,off,79,0,0,
78.0,on,73,127,0,
78.0,on,52,127,2,
78.0,on,45,127,3,
78.25,off,67,0,1,
78.25,on,69,127,1,
78.5,off,69,0,1,
78.5,on,70,127,1,
78.75,off,45,0,3,
78.75,on,55,127,3,
79.0,off,73,0,0,
79.0,off,52,0,2,
79.0,off,70,0,1,
79.0,off,55,0,3,
79.0,on,74,127,0,
79.0,on,69,127,1,
79.0,on,57,127,2,
79.0,on,53,127,3,
79.25,off,53,0,3,
79.25,on,52,127,3,
79.5,off,74,0,0,
79.5,off,52,0,3,
79.5,on,76,127,0,
79.5,on,50,127,3,
79.75,off,50,0,3,
79.75,on,49,127,3,
80.0,off,57,0,2,
80.0,off,49,0,3,
80.0,on,53,127,2,
80.0,on,50,127,3,
80.25,off,76,0,0,
80.25,on,73,127,0,
80.5,off,73,0,0,
80.5,on,74,127,0,
80.75,off,50,0,3,
80.75,on,41,127,3,
81.0,off,53,0,2,
81.0,off,41,0,3,
81.0,on,50,127,2,
81.0,on,46,127,3,
81.25,off,69,0,1,
81.25,on,65,127,1,
81.5,off,65,0,1,
81.5,on,67,127,1,
81.75,off,74,0,0,
81.75,on,76,127,0,
82.0,off,50,0,2,
82.0,off,46,0,3,
82.0,off,67,0,1,
82.0,off,76,0,0,
82.0,on,77,127,0,
82.0,on,69,127,1,
82.0,on,49,127,2,
82.0,on,45,127,3,
82.25,off,77,0,0,
82.25,on,76,127,0,
82.5,off,76,0,0,
82.5,on,79,127,0,
82.75,off,69,0,1,
82.75,on,70,127,1,
83.0,off,49,0,2,
83.0,off,70,0,1,
83.0,on,69,127,1,
83.0,on,50,127,2,
83.25,off,79,0,0,
83.25,on,77,127,0,
83.5,off,69,0,1,
83.5,off,50,0,2,
83.5,off,77,0,0,
83.5,on,76,127,0,
83.5,on,67,127,1,
83.5,on,52,127,2,
83.75,off,76,0,0,
83.75,on,74,127,0,
84.0,off,52,0,2,
84.0,off,74,0,0,
84.0,on,73,127,0,
84.0,on,53,127,2,
84.25,off,73,0,0,
84.25,on,69,127,0,
84.5,off,67,0,1,
84.5,off,69,0,0,
84.5,on,74,127,0,
84.5,on,65,127,1,
84.75,off,45,0,3,
84.75,off,65,0,1,
84.75,on,62,127,1,
84.75,on,46,127,3,
85.0,off,62,0,1,
85.0,off,46,0,3,
85.0,on,69,127,1,
85.0,on,45,127,3,
85.25,off,53,0,2,
85.25,off,74,0,0,
85.25,off,45,0,3,
85.25,on,71,127,0,
85.25,on,55,127,2,
85.25,on,43,127,3,
85.5,off,71,0,0,
85.5,off,55,0,2,
85.5,off,43,0,3,
85.5,on,72,127,0,
85.5,on,53,127,2,
85.5,on,45,127,3,
85.75,off,69,0,1,
85.75,off,53,0,2,
85.75,on,67,127,1,
85.75,on,52,127,2,
86.0,off,72,0,0,
86.0,off,45,0,3,
86.0,off,67,0,1,
86.0,off,52,0,2,
86.0,on,72,127,0,
86.0,on,66,127,1,
86.0,on,50,127,2,
86.0,on,46,127,3,
86.25,off,66,0,1,
86.25,on,62,127,1,
86.5,off,72,0,0,
86.5,off,62,0,1,
86.5,on,70,127,0,
86.5,on,67,127,1,
86.75,off,46,0,3,
86.75,on,43,127,3,
87.0,off,70,0,0,
87.0,off,43,0,3,
87.0,on,69,127,0,
87.0,on,50,127,3,
87.25,off,67,0,1,
87.25,on,64,127,1,
87.5,off,50,0,2,
87.5,off,69,0,0,
87.5,off,64,0,1,
87.5,on,65,127,1,
87.5,on,57,127,2,
87.75,off,57,0,2,
87.75,on,53,127,2,
88.0,off,53,0,2,
88.0,on,58,127,2,
88.25,off,65,0,1,
88.25,on,62,127,1,
88.5,off,50,0,3,
88.5,off,62,0,1,
88.5,on,67,127,1,
88.5,on,52,127,3,
88.75,off,58,0,2,
88.75,on,55,127,2,
89.0,off,55,0,2,
89.0,on,60,127,2,
89.25,off,67,0,1,
89.25,on,64,127,1,
89.5,off,52,0,3,
89.5,off,64,0,1,
89.5,on,69,127,1,
89.5,on,53,127,3,
89.75,off,60,0,2,
89.75,on,57,127,2,
90.0,off,57,0,2,
90.0,on,62,127,2,
90.25,off,69,0,1,
90.25,on,65,127,1,
90.5,off,62,0,2,
90.5,off,65,0,1,
90.5,on,70,127,1,
90.5,on,55,127,2,
90.75,off,53,0,3,
90.75,on,50,127,3,
91.0,off,55,0,2,
91.0,off,50,0,3,
91.0,on,60,127,2,
91.0,on,52,127,3,
91.25,off,70,0,1,
91.25,on,67,127,1,
91.5,off,60,0,2,
91.5,off,67,0,1,
91.5,on,69,127,1,
91.5,on,53,127,2,
91.75,off,52,0,3,
91.75,on,49,127,3,
92.0,off,53,0,2,
92.0,off,49,0,3,
92.0,on,58,127,2,
92.0,on,50,127,3,
92.25,off,69,0,1,
92.25,on,65,127,1,
92.5,off,58,0,2,
92.5,off,65,0,1,
92.5,on,67,127,1,
92.5,on,52,127,2,
92.75,off,50,0,3,
92.75,on,47,127,3,
93.0,off,52,0,2,
93.0,off,47,0,3,
93.0,on,57,127,2,
93.0,on,49,127,3,
93.25,off,49,0,3,
93.25,on,45,127,3,
93.5,off,67,0,1,
93.5,off,45,0,3,
93.5,on,65,127,1,
93.5,on,50,127,3,
93.75,off,65,0,1,
93.75,on,62,127,1,
94.0,off,57,0,2,
94.0,off,62,0,1,
94.0,on,69,127,1,
94.0,on,52,127,2,
94.25,off,50,0,3,
94.25,on,48,127,3,
94.5,off,52,0,2,
94.5,off,48,0,3,
94.5,on,57,127,2,
94.5,on,47,127,3,
94.75,off,47,0,3,
94.75,on,45,127,3,
95.0,off,69,0,1,
95.0,off,45,0,3,
95.0,on,74,127,1,
95.0,on,47,127,3,
95.25,off,57,0,2,
95.25,on,56,127,2,
95.5,off,56,0,2,
95.5,on,54,127,2,
95.75,off,54,0,2,
95.75,on,56,127,2,
96.0,off,47,0,3,
96.0,off,56,0,2,
96.0,on,76,127,0,
96.0,on,57,127,2,
96.0,on,45,127,3,
96.25,off,74,0,1,
96.25,on,73,127,1,
96.5,off,45,0,3,
96.5,off,73,0,1,
96.5,on,71,127,1,
96.75,off,57,0,2,
96.75,off,71,0,1,
96.75,on,73,127,1,
96.75,on,55,127,2,
97.0,off,76,0,0,
97.0,off,73,0,1,
97.0,off,55,0,2,
97.0,on,81,127,0,
97.0,on,74,127,1,
97.0,on,53,127,2,
97.25,off,74,0,1,
97.25,off,53,0,2,
97.25,on,69,127,1,
97.25,on,52,127,2,
97.5,off,69,0,1,
97.5,off,52,0,2,
97.5,on,76,127,1,
97.5,on,50,127,2,
97.75,off,50,0,2,
97.75,on,49,127,2,
98.0,off,81,0,0,
98.0,off,49,0,2,
98.0,on,77,127,0,
98.0,on,50,127,2,
98.25,off,76,0,1,
98.25,on,69,127,1,
98.5,off,50,0,2,
98.5,off,69,0,1,
98.5,on,74,127,1,
98.5,on,53,127,2,
98.75,off,53,0,2,
98.75,on,50,127,2,
99.0,off,77,0,0,
99.0,off,74,0,1,
99.0,off,50,0,2,
99.0,on,74,127,0,
99.0,on,58,127,2,
99.25,on,65,127,1,
99.5,off,58,0,2,
99.5,off,65,0,1,
99.5,on,70,127,1,
99.5,on,55,127,2,
99.75,off,55,0,2,
99.75,on,52,127,2,
100.0,off,74,0,0,
100.0,off,52,0,2,
100.0,on,73,127,0,
100.0,on,57,127,2,
100.25,off,70,0,1,
100.25,on,64,127,1,
100.5,off,64,0,1,
100.5,on,69,127,1,
100.75,off,57,0,2,
100.75,on,65,127,2,
101.0,off,73,0,0,
101.0,off,65,0,2,
101.0,on,74,127,0,
101.0,on,59,127,2,
101.25,off,69,0,1,
101.25,on,67,127,1,
101.5,off,74,0,0,
101.5,off,59,0,2,
101.5,off,67,0,1,
101.5,on,76,127,0,
101.5,on,65,127,1,
101.5,on,61,127,2,
101.75,off,65,0,1,
101.75,on,64,127,1,
102.0,off,76,0,0,
102.0,off,61,0,2,
102.0,off,64,0,1,
102.0,on,77,127,0,
102.0,on,62,127,1,
102.0,on,62,127,2,
102.25,off,62,0,1,
102.25,on,69,127,1,
102.5,off,62,0,2,
102.5,off,69,0,1,
102.5,on,74,127,1,
102.5,on,59,127,2,
102.75,off,74,0,1,
102.75,off,59,0,2,
102.75,on,71,127,1,
102.75,on,55,127,2,
103.0,off,71,0,1,
103.0,off,55,0,2,
103.0,on,67,127,1,
103.0,on,60,127,2,
103.25,off,77,0,0,
103.25,off,67,0,1,
103.25,on,79,127,0,
103.25,on,64,127,1,
103.5,off,60,0,2,
103.5,off,79,0,0,
103.5,off,64,0,1,
103.5,on,77,127,0,
103.5,on,72,127,1,
103.5,on,57,127,2,
103.75,off,77,0,0,
103.75,off,57,0,2,
103.75,on,76,127,0,
103.75,on,53,127,2,
104.0,off,76,0,0,
104.0,off,53,0,2,
104.0,on,74,127,0,
104.0,on,58,127,2,
104.25,off,58,0,2,
104.25,on,62,127,2,
104.5,off,72,0,1,
104.5,off,62,0,2,
104.5,on,70,127,1,
104.5,on,67,127,2,
104.75,off,74,0,0,
104.75,on,76,127,0,
105.0,off,70,0,1,
105.0,off,76,0,0,
105.0,on,73,127,0,
105.0,on,69,127,1,
105.25,off,67,0,2,
105.25,on,64,127,2,
105.5,off,73,0,0,
105.5,off,64,0,2,
105.5,on,74,127,0,
105.5,on,65,127,2,
105.75,off,74,0,0,
105.75,on,77,127,0,
106.0,off,69,0,1,
106.0,off,77,0,0,
106.0,on,70,127,0,
106.0,on,67,127,1,
106.25,off,65,0,2,
106.25,on,65,127,2,
106.5,off,65,0,2,
106.5,on,64,127,2,
106.75,off,67,0,1,
106.75,off,64,0,2,
106.75,on,65,127,1,
106.75,on,62,127,2,
107.0,off,65,0,1,
107.0,off,62,0,2,
107.0,on,64,127,1,
107.0,on,61,127,2,
107.25,off,70,0,0,
107.25,on,70,127,0,
107.5,off,70,0,0,
107.5,on,69,127,0,
107.75,off,69,0,0,
107.75,on,67,127,0,
108.0,off,61,0,2,
108.0,off,67,0,0,
108.0,on,65,127,0,
108.0,on,62,127,2,
108.25,off,62,0,2,
108.25,on,60,127,2,
108.5,off,64,0,1,
108.5,off,60,0,2,
108.5,on,62,127,1,
108.5,on,58,127,2,
108.75,off,62,0,1,
108.75,off,58,0,2,
108.75,on,61,127,1,
108.75,on,57,127,2,
109.0,off,65,0,0,
109.0,off,61,0,1,
109.0,off,57,0,2,
109.0,on,70,127,0,
109.0,on,62,127,1,
109.0,on,55,127,2,
109.25,off,55,0,2,
109.25,on,57,127,2,
109.5,off,62,0,1,
109.5,off,57,0,2,
109.5,on,67,127,1,
109.5,on,58,127,2,
109.75,off,58,0,2,
109.75,on,60,127,2,
110.0,off,70,0,0,
110.0,off,60,0,2,
110.0,on,69,127,0,
110.0,on,62,127,2,
110.0,on,50,127,3,
110.25,off,62,0,2,
110.25,on,57,127,2,
110.5,off,57,0,2,
110.5,on,62,127,2,
110.75,off,67,0,1,
110.75,on,65,127,1,
111.0,off,50,0,3,
111.0,off,65,0,1,
111.0,on,64,127,1,
111.0,on,57,127,3,
111.25,off,62,0,2,
111.25,on,59,127,2,
111.5,off,69,0,0,
111.5,off,59,0,2,
111.5,on,76,127,0,
111.5,on,61,127,2,
111.75,off,64,0,1,
111.75,on,64,127,1,
112.0,off,57,0,3,
112.0,off,64,0,1,
112.0,on,69,127,1,
112.0,on,53,127,3,
112.25,off,76,0,0,
112.25,off,61,0,2,
112.25,on,73,127,0,
112.25,on,64,127,2,
112.5,off,73,0,0,
112.5,off,64,0,2,
112.5,on,74,127,0,
112.5,on,57,127,2,
112.75,off,74,0,0,
112.75,off,57,0,2,
112.75,on,76,127,0,
112.75,on,61,127,2,
113.0,off,53,0,3,
113.0,off,76,0,0,
113.0,off,61,0,2,
113.0,on,77,127,0,
113.0,on,62,127,2,
113.0,on,50,127,3,
113.25,off,77,0,0,
113.25,on,74,127,0,
113.5,off,69,0,1,
113.5,off,62,0,2,
113.5,off,74,0,0,
113.5,on,79,127,0,
113.5,on,67,127,1,
113.5,on,58,127,2,
113.75,off,67,0,1,
113.75,off,58,0,2,
113.75,on,70,127,1,
113.75,on,55,127,2,
114.0,off,50,0,3,
114.0,off,70,0,1,
114.0,off,55,0,2,
114.0,on,69,127,1,
114.0,on,52,127,2,
114.0,on,49,127,3,
114.25,off,79,0,0,
114.25,on,76,127,0,
114.5,off,76,0,0,
114.5,on,81,127,0,
114.75,off,81,0,0,
114.75,on,79,127,0,
115.0,off,52,0,2,
115.0,off,49,0,3,
115.0,off,79,0,0,
115.0,on,77,127,0,
115.0,on,53,127,2,
115.0,on,50,127,3,
115.25,off,69,0,1,
115.25,off,77,0,0,
115.25,on,76,127,0,
115.25,on,67,127,1,
115.5,off,53,0,2,
115.5,off,50,0,3,
115.5,off,76,0,0,
115.5,off,67,0,1,
115.5,on,74,127,0,
115.5,on,65,127,1,
115.5,on,55,127,2,
115.5,on,52,127,3,
115.75,off,74,0,0,
115.75,off,65,0,1,
115.75,on,73,127,0,
115.75,on,64,127,1,
116.0,off,55,0,2,
116.0,off,52,0,3,
116.0,off,73,0,0,
116.0,off,64,0,1,
116.0,on,74,127,0,
116.0,on,62,127,1,
116.0,on,57,127,2,
116.0,on,53,127,3,
116.25,off,74,0,0,
116.25,on,72,127,0,
116.5,off,72,0,0,
116.5,on,70,127,0,
116.75,off,70,0,0,
116.75,on,69,127,0,
117.0,off,57,0,2,
117.0,off,69,0,0,
117.0,on,67,127,0,
117.0,on,59,127,2,
117.25,off,53,0,3,
117.25,on,55,127,3,
117.5,off,62,0,1,
117.5,off,59,0,2,
117.5,off,55,0,3,
117.5,on,64,127,1,
117.5,on,61,127,2,
117.5,on,53,127,3,
117.75,off,53,0,3,
117.75,on,52,127,3,
118.0,off,64,0,1,
118.0,off,61,0,2,
118.0,off,52,0,3,
118.0,on,57,127,1,
118.0,on,62,127,2,
118.0,on,50,127,3,
118.25,off,67,0,0,
118.25,on,64,127,0,
118.5,off,57,0,1,
118.5,off,62,0,2,
118.5,off,64,0,0,
118.5,on,65,127,0,
118.75,off,65,0,0,
118.75,on,62,127,0,
119.0,off,62,0,0,
119.0,on,69,127,0,
119.25,off,50,0,3,
119.25,on,51,127,3,
119.5,off,51,0,3,
119.5,on,63,127,1,
119.5,on,54,127,2,
119.5,on,50,127,3,
119.75,off,50,0,3,
119.75,on,48,127,3,
120.0,off,63,0,1,
120.0,off,54,0,2,
120.0,off,48,0,3,
120.0,on,62,127,1,
120.0,on,55,127,2,
120.0,on,46,127,3,
120.25,off,69,0,0,
120.25,off,55,0,2,
120.25,on,66,127,0,
120.25,on,57,127,2,
120.5,off,66,0,0,
120.5,off,57,0,2,
120.5,on,67,127,0,
120.5,on,58,127,2,
120.75,off,67,0,0,
120.75,on,70,127,0,
121.0,off,62,0,1,
121.0,off,58,0,2,
121.0,off,70,0,0,
121.0,on,72,127,0,
121.25,off,46,0,3,
121.25,on,48,127,3,
121.5,off,48,0,3,
121.5,on,66,127,1,
121.5,on,60,127,2,
121.5,on,46,127,3,
121.75,off,46,0,3,
121.75,on,45,127,3,
122.0,off,66,0,1,
122.0,off,60,0,2,
122.0,off,45,0,3,
122.0,on,67,127,1,
122.0,on,62,127,2,
122.0,on,43,127,3,
122.25,off,72,0,0,
122.25,off,67,0,1,
122.25,on,69,127,0,
122.25,on,66,127,1,
122.5,off,69,0,0,
122.5,off,66,0,1,
122.5,on,70,127,0,
122.5,on,67,127,1,
122.75,off,70,0,0,
122.75,on,74,127,0,
123.0,off,62,0,2,
123.0,off,67,0,1,
123.0,off,74,0,0,
123.0,on,75,127,0,
123.25,on,55,127,2,
123.5,off,43,0,3,
123.5,off,75,0,0,
123.5,on,74,127,0,
123.5,on,70,127,1,
123.5,on,43,127,3,
123.75,off,55,0,2,
123.75,on,53,127,2,
124.0,off,74,0,0,
124.0,off,53,0,2,
124.0,on,73,127,0,
124.0,on,52,127,2,
124.25,off,70,0,1,
124.25,on,69,127,1,
124.5,off,73,0,0,
124.5,off,69,0,1,
124.5,on,81,127,0,
124.5,on,77,127,1,
124.75,off,77,0,1,
124.75,on,74,127,1,
125.0,off,52,0,2,
125.0,off,74,0,1,
125.0,on,71,127,1,
125.25,off,81,0,0,
125.25,on,74,127,0,
125.5,off,71,0,1,
125.5,off,74,0,0,
125.5,on,79,127,0,
125.5,on,76,127,1,
125.75,off,76,0,1,
125.75,on,73,127,1,
126.0,off,73,0,1,
126.0,on,69,127,1,
126.25,off,79,0,0,
126.25,on,73,127,0,
126.5,off,69,0,1,
126.5,off,73,0,0,
126.5,on,77,127,0,
126.5,on,74,127,1,
126.5,on,53,127,2,
126.75,off,74,0,1,
126.75,off,53,0,2,
126.75,on,69,127,1,
126.75,on,50,127,2,
127.0,off,69,0,1,
127.0,off,50,0,2,
127.0,on,70,127,1,
127.0,on,55,127,2,
127.25,off,77,0,0,
127.25,on,74,127,0,
127.5,off,74,0,0,
127.5,on,76,127,0,
127.75,off,70,0,1,
127.75,off,55,0,2,
127.75,on,67,127,1,
127.75,on,49,127,2,
128.0,off,67,0,1,
128.0,off,49,0,2,
128.0,on,69,127,1,
128.0,on,53,127,2,
128.25,off,76,0,0,
128.25,on,73,127,0,
128.5,off,73,0,0,
128.5,on,74,127,0,
128.75,off,69,0,1,
128.75,off,53,0,2,
128.75,on,65,127,1,
128.75,on,50,127,2,
129.0,off,65,0,1,
129.0,off,50,0,2,
129.0,on,64,127,1,
129.0,on,57,127,2,
129.25,off,74,0,0,
129.25,on,71,127,0,
129.5,off,43,0,3,
129.5,off,71,0,0,
129.5,on,72,127,0,
129.5,on,45,127,3,
129.75,off,64,0,1,
129.75,on,67,127,1,
130.0,off,57,0,2,
130.0,off,45,0,3,
130.0,off,67,0,1,
130.0,on,66,127,1,
130.0,on,50,127,2,
130.0,on,46,127,3,
130.25,off,66,0,1,
130.25,on,62,127,1,
130.5,off,72,0,0,
130.5,off,50,0,2,
130.5,off,62,0,1,
130.5,on,70,127,0,
130.5,on,67,127,1,
130.5,on,62,127,2,
130.75,off,46,0,3,
130.75,on,43,127,3,
131.0,off,70,0,0,
131.0,off,43,0,3,
131.0,on,69,127,0,
131.0,on,50,127,3,
131.25,off,67,0,1,
131.25,on,64,127,1,
131.5,off,62,0,2,
131.5,off,64,0,1,
131.5,on,65,127,1,
131.5,on,57,127,2,
131.75,off,69,0,0,
131.75,off,57,0,2,
131.75,on,69,127,0,
131.75,on,53,127,2,
132.0,off,69,0,0,
132.0,off,53,0,2,
132.0,on,74,127,0,
132.0,on,58,127,2,
132.25,off,50,0,3,
132.25,off,65,0,1,
132.25,off,74,0,0,
132.25,on,77,127,0,
132.25,on,74,127,1,
132.25,on,46,127,3,
132.5,off,77,0,0,
132.5,off,74,0,1,
132.5,off,46,0,3,
132.5,on,76,127,0,
132.5,on,72,127,1,
132.5,on,48,127,3,
132.75,off,76,0,0,
132.75,on,79,127,0,
133.0,off,48,0,3,
133.0,off,79,0,0,
133.0,on,77,127,0,
133.0,on,53,127,3,
133.25,off,58,0,2,
133.25,off,77,0,0,
133.25,on,76,127,0,
133.25,on,56,127,2,
133.5,off,76,0,0,
133.5,off,56,0,2,
133.5,on,74,127,0,
133.5,on,57,127,2,
133.75,off,72,0,1,
133.75,on,72,127,1,
134.0,off,57,0,2,
134.0,off,72,0,1,
134.0,on,70,127,1,
134.0,on,62,127,2,
134.25,off,53,0,3,
134.25,off,74,0,0,
134.25,off,70,0,1,
134.25,on,77,127,0,
134.25,on,69,127,1,
134.25,on,50,127,3,
134.5,off,69,0,1,
134.5,off,50,0,3,
134.5,on,68,127,1,
134.5,on,52,127,3,
134.75,off,77,0,0,
134.75,on,76,127,0,
135.0,off,68,0,1,
135.0,off,52,0,3,
135.0,off,76,0,0,
135.0,on,77,127,0,
135.0,on,69,127,1,
135.0,on,57,127,3,
135.25,off,62,0,2,
135.25,off,77,0,0,
135.25,on,74,127,0,
135.25,on,59,127,2,
135.5,off,74,0,0,
135.5,off,59,0,2,
135.5,on,76,127,0,
135.5,on,60,127,2,
135.75,off,69,0,1,
135.75,on,64,127,1,
136.0,off,60,0,2,
136.0,off,64,0,1,
136.0,on,69,127,1,
136.0,on,65,127,2,
136.25,off,57,0,3,
136.25,off,76,0,0,
136.25,on,74,127,0,
136.25,on,53,127,3,
136.5,off,69,0,1,
136.5,off,74,0,0,
136.5,off,53,0,3,
136.5,on,72,127,0,
136.5,on,67,127,1,
136.5,on,55,127,3,
136.75,off,72,0,0,
136.75,on,71,127,0,
137.0,off,55,0,3,
137.0,off,71,0,0,
137.0,on,72,127,0,
137.0,on,60,127,3,
137.25,off,65,0,2,
137.25,on,62,127,2,
137.5,off,62,0,2,
137.5,on,63,127,2,
137.75,off,67,0,1,
137.75,off,72,0,0,
137.75,on,81,127,0,
137.75,on,72,127,1,
138.0,off,63,0,2,
138.0,off,81,0,0,
138.0,off,72,0,1,
138.0,on,79,127,0,
138.0,on,69,127,1,
138.0,on,62,127,2,
138.25,off,60,0,3,
138.25,off,79,0,0,
138.25,on,78,127,0,
138.25,on,57,127,3,
138.5,off,69,0,1,
138.5,off,78,0,0,
138.5,off,57,0,3,
138.5,on,79,127,0,
138.5,on,67,127,1,
138.5,on,58,127,3,
138.75,off,79,0,0,
138.75,on,82,127,0,
139.0,off,62,0,2,
139.0,off,82,0,0,
139.0,on,73,127,0,
139.0,on,64,127,2,
139.5,off,67,0,1,
139.5,off,58,0,3,
139.5,off,73,0,0,
139.5,off,64,0,2,
141.0,on,74,127,0,
141.0,on,69,127,1,
141.0,on,65,127,2,
141.0,on,57,127,3,
141.5,off,74,0,0,
141.5,off,69,0,1,
141.5,off,65,0,2,
141.5,off,57,0,3,
143.0,on,74,127,0,
143.0,on,71,127,1,
143.0,on,65,127,2,
143.0,on,56,127,3,
144.0,off,71,0,1,
144.0,off,56,0,3,
144.0,on,69,127,1,
144.0,on,57,127,3,
144.5,off,65,0,2,
144.5,on,64,127,2,
144.75,off,64,0,2,
144.75,on,62,127,2,
145.0,off,62,0,2,
145.0,on,64,127,2,
145.25,off,74,0,0,
145.25,on,71,127,0,
145.5,off,57,0,3,
145.5,off,64,0,2,
145.5,off,71,0,0,
145.5,on,73,127,0,
145.5,on,45,127,3,
145.75,off,69,0,1,
145.75,on,67,127,1,
146.0,off,73,0,0,
146.0,off,45,0,3,
146.0,off,67,0,1,
146.0,on,74,127,0,
146.0,on,66,127,1,
146.0,on,57,127,2,
146.0,on,50,127,3,
146.25,off,66,0,1,
146.25,on,67,127,1,
146.5,off,67,0,1,
146.5,on,69,127,1,
146.75,off,74,0,0,
146.75,on,72,127,0,
147.0,off,57,0,2,
147.0,off,72,0,0,
147.0,on,70,127,0,
147.0,on,62,127,2,
147.25,off,69,0,1,
147.25,on,67,127,1,
147.5,off,67,0,1,
147.5,on,72,127,1,
147.75,off,70,0,0,
147.75,on,69,127,0,
148.0,off,62,0,2,
148.0,off,69,0,0,
148.0,on,62,127,0,
148.0,on,58,127,2,
148.25,off,72,0,1,
148.25,on,66,127,1,
148.5,off,66,0,1,
148.5,on,67,127,1,
148.75,off,67,0,1,
148.75,on,70,127,1,
149.0,off,62,0,0,
149.0,off,58,0,2,
149.0,off,70,0,1,
149.0,on,63,127,1,
149.0,on,55,127,2,
149.25,on,67,127,0,
149.5,off,67,0,0,
149.5,on,69,127,0,
149.75,off,69,0,0,
149.75,on,72,127,0,
150.0,off,63,0,1,
150.0,off,55,0,2,
150.0,on,62,127,1,
150.0,on,54,127,2,
150.25,off,72,0,0,
150.25,on,70,127,0,
150.5,off,62,0,1,
150.5,off,70,0,0,
150.5,on,72,127,0,
150.5,on,57,127,1,
150.75,off,72,0,0,
150.75,on,75,127,0,
151.0,off,54,0,2,
151.0,off,57,0,1,
151.0,on,58,127,1,
151.0,on,55,127,2,
151.25,off,75,0,0,
151.25,on,74,127,0,
151.5,off,58,0,1,
151.5,off,55,0,2,
151.5,off,74,0,0,
151.5,on,78,127,0,
151.5,on,60,127,1,
151.5,on,57,127,2,
151.75,off,78,0,0,
151.75,on,81,127,0,
152.0,off,60,0,1,
152.0,off,57,0,2,
152.0,on,62,127,1,
152.0,on,58,127,2,
152.25,off,81,0,0,
152.25,on,79,127,0,
152.375,off,79,0,0,
152.375,on,81,127,0,
152.5,off,62,0,1,
152.5,off,81,0,0,
152.5,on,82,127,0,
152.5,on,55,127,1,
152.75,off,82,0,0,
152.75,on,73,127,0,
153.0,off,73,0,0,
153.0,on,74,127,0,
153.25,off,58,0,2,
153.25,off,55,0,1,
153.25,on,70,127,1,
153.25,on,62,127,2,
153.5,off,70,0,1,
153.5,off,62,0,2,
153.5,on,69,127,1,
153.5,on,60,127,2,
153.75,off,69,0,1,
153.75,off,60,0,2,
153.75,on,67,127,1,
153.75,on,58,127,2,
154.0,off,58,0,2,
154.0,on,57,127,2,
154.25,off,67,0,1,
154.25,on,66,127,1,
154.5,off,57,0,2,
154.5,off,66,0,1,
154.5,on,64,127,1,
154.5,on,57,127,2,
154.75,off,64,0,1,
154.75,on,67,127,1,
155.0,off,67,0,1,
155.0,on,66,127,1,
156.0,off,50,0,3,
156.0,off,74,0,0,
156.0,off,57,0,2,
156.0,off,66,0,1,
