tm,x,y
0.00000,0.00000,0.00000
0.02500,0.00001,0.00199
0.05000,0.00003,0.00398
0.07500,0.00007,0.00596
0.10000,0.00013,0.00794
0.12500,0.00021,0.00992
0.15000,0.00030,0.01189
0.17500,0.00040,0.01386
0.20000,0.00053,0.01581
0.22500,0.00067,0.01775
0.25000,0.00082,0.01969
0.27500,0.00099,0.02161
0.30000,0.00118,0.02352
0.32500,0.00138,0.02541
0.35000,0.00159,0.02729
0.37500,0.00182,0.02915
0.40000,0.00207,0.03099
0.42500,0.00232,0.03282
0.45000,0.00260,0.03462
0.47500,0.00288,0.03640
0.50000,0.00318,0.03817
0.52500,0.00349,0.03990
0.55000,0.00381,0.04162
0.57500,0.00415,0.04330
0.60000,0.00449,0.04497
0.62500,0.00485,0.04660
0.65000,0.00522,0.04821
0.67500,0.00559,0.04979
0.70000,0.00598,0.05134
0.72500,0.00638,0.05286
0.75000,0.00678,0.05435
0.77500,0.00719,0.05580
0.80000,0.00761,0.05723
0.82500,0.00804,0.05862
0.85000,0.00847,0.05997
0.87500,0.00891,0.06130
0.90000,0.00935,0.06259
0.92500,0.00980,0.06384
0.95000,0.01025,0.06506
0.97500,0.01070,0.06624
1.00000,0.01116,0.06738
1.02500,0.01162,0.06849
1.05000,0.01208,0.06956
1.07500,0.01254,0.07060
1.10000,0.01300,0.07159
1.12500,0.01346,0.07255
1.15000,0.01392,0.07347
1.17500,0.01438,0.07435
1.20000,0.01483,0.07520
1.22500,0.01529,0.07600
1.25000,0.01573,0.07677
1.27500,0.01618,0.07750
1.30000,0.01661,0.07819
1.32500,0.01705,0.07885
1.35000,0.01747,0.07946
1.37500,0.01789,0.08004
1.40000,0.01830,0.08058
1.42500,0.01870,0.08109
1.45000,0.01909,0.08156
1.47500,0.01947,0.08199
1.50000,0.01984,0.08239
1.52500,0.02020,0.08276
1.55000,0.02055,0.08309
1.57500,0.02089,0.08338
1.60000,0.02121,0.08364
1.62500,0.02152,0.08387
1.65000,0.02182,0.08407
1.67500,0.02209,0.08424
1.70000,0.02236,0.08438
1.72500,0.02261,0.08449
1.75000,0.02284,0.08457
1.77500,0.02305,0.08462
1.80000,0.02325,0.08464
1.82500,0.02343,0.08465
1.85000,0.02359,0.08462
1.87500,0.02373,0.08457
1.90000,0.02385,0.08450
1.92500,0.02395,0.08441
1.95000,0.02403,0.08430
1.97500,0.02408,0.08417
2.00000,0.02412,0.08403
2.02500,0.02413,0.08386
2.05000,0.02413,0.08368
2.07500,0.02410,0.08349
2.10000,0.02404,0.08329
2.12500,0.02397,0.08307
2.15000,0.02386,0.08284
2.17500,0.02374,0.08261
2.20000,0.02359,0.08237
2.22500,0.02342,0.08212
2.25000,0.02322,0.08187
2.27500,0.02300,0.08162
2.30000,0.02275,0.08137
2.32500,0.02247,0.08112
2.35000,0.02218,0.08087
2.37500,0.02185,0.08062
2.40000,0.02150,0.08038
2.42500,0.02112,0.08015
2.45000,0.02072,0.07992
2.47500,0.02030,0.07971
2.50000,0.01984,0.07950
2.52500,0.01937,0.07931
2.55000,0.01886,0.07914
2.57500,0.01833,0.07898
2.60000,0.01778,0.07884
2.62500,0.01720,0.07872
2.65000,0.01659,0.07862
2.67500,0.01596,0.07854
2.70000,0.01530,0.07849
2.72500,0.01462,0.07847
2.75000,0.01392,0.07847
2.77500,0.01319,0.07850
2.80000,0.01244,0.07856
2.82500,0.01166,0.07866
2.85000,0.01087,0.07879
2.87500,0.01005,0.07896
2.90000,0.00920,0.07916
2.92500,0.00834,0.07940
2.95000,0.00745,0.07968
2.97500,0.00654,0.08001
3.00000,0.00561,0.08037
3.02500,0.00467,0.08079
3.05000,0.00370,0.08124
3.07500,0.00271,0.08175
3.10000,0.00171,0.08230
3.12500,0.00069,0.08290
3.15000,-0.00035,0.08356
3.17500,-0.00141,0.08427
3.20000,-0.00248,0.08503
3.22500,-0.00356,0.08584
3.25000,-0.00466,0.08672
3.27500,-0.00578,0.08764
3.30000,-0.00690,0.08863
3.32500,-0.00804,0.08968
3.35000,-0.00919,0.09078
3.37500,-0.01035,0.09195
3.40000,-0.01152,0.09318
3.42500,-0.01270,0.09448
3.45000,-0.01389,0.09583
3.47500,-0.01508,0.09725
3.50000,-0.01628,0.09874
3.52500,-0.01749,0.10029
3.55000,-0.01870,0.10191
3.57500,-0.01991,0.10360
3.60000,-0.02113,0.10535
3.62500,-0.02235,0.10717
3.65000,-0.02357,0.10906
3.67500,-0.02478,0.11102
3.70000,-0.02600,0.11305
3.72500,-0.02722,0.11515
3.75000,-0.02843,0.11732
3.77500,-0.02963,0.11956
3.80000,-0.03084,0.12187
3.82500,-0.03203,0.12425
3.85000,-0.03322,0.12670
3.87500,-0.03440,0.12921
3.90000,-0.03557,0.13180
3.92500,-0.03674,0.13446
3.95000,-0.03789,0.13719
3.97500,-0.03902,0.13999
4.00000,-0.04015,0.14285
4.02500,-0.04126,0.14579
4.05000,-0.04236,0.14879
4.07500,-0.04343,0.15186
4.10000,-0.04450,0.15500
4.12500,-0.04554,0.15820
4.15000,-0.04656,0.16147
4.17500,-0.04757,0.16480
4.20000,-0.04855,0.16820
4.22500,-0.04951,0.17166
4.25000,-0.05045,0.17518
4.27500,-0.05136,0.17876
4.30000,-0.05225,0.18241
4.32500,-0.05311,0.18611
4.35000,-0.05395,0.18987
4.37500,-0.05475,0.19369
4.40000,-0.05553,0.19756
4.42500,-0.05628,0.20148
4.45000,-0.05700,0.20546
4.47500,-0.05769,0.20949
4.50000,-0.05834,0.21357
4.52500,-0.05896,0.21770
4.55000,-0.05955,0.22187
4.57500,-0.06011,0.22609
4.60000,-0.06062,0.23035
4.62500,-0.06111,0.23466
4.65000,-0.06155,0.23900
4.67500,-0.06196,0.24338
4.70000,-0.06233,0.24780
4.72500,-0.06266,0.25225
4.75000,-0.06295,0.25673
4.77500,-0.06321,0.26125
4.80000,-0.06342,0.26579
4.82500,-0.06359,0.27036
4.85000,-0.06372,0.27495
4.87500,-0.06380,0.27956
4.90000,-0.06385,0.28420
4.92500,-0.06385,0.28885
4.95000,-0.06381,0.29351
4.97500,-0.06372,0.29819
5.00000,-0.06359,0.30288
5.02500,-0.06342,0.30758
5.05000,-0.06320,0.31228
5.07500,-0.06293,0.31699
5.10000,-0.06262,0.32170
5.12500,-0.06227,0.32640
5.15000,-0.06187,0.33111
5.17500,-0.06142,0.33580
5.20000,-0.06093,0.34049
5.22500,-0.06039,0.34517
5.25000,-0.05981,0.34983
5.27500,-0.05918,0.35448
5.30000,-0.05850,0.35911
5.32500,-0.05778,0.36372
5.35000,-0.05702,0.36830
5.37500,-0.05620,0.37286
5.40000,-0.05535,0.37739
5.42500,-0.05444,0.38189
5.45000,-0.05349,0.38636
5.47500,-0.05250,0.39078
5.50000,-0.05147,0.39517
5.52500,-0.05039,0.39952
5.55000,-0.04926,0.40383
5.57500,-0.04810,0.40809
5.60000,-0.04689,0.41230
5.62500,-0.04563,0.41645
5.65000,-0.04434,0.42056
5.67500,-0.04301,0.42461
5.70000,-0.04163,0.42860
5.72500,-0.04022,0.43253
5.75000,-0.03876,0.43640
5.77500,-0.03727,0.44020
5.80000,-0.03574,0.44394
5.82500,-0.03417,0.44760
5.85000,-0.03257,0.45120
5.87500,-0.03093,0.45471
5.90000,-0.02926,0.45816
5.92500,-0.02755,0.46152
5.95000,-0.02581,0.46481
5.97500,-0.02404,0.46801
6.00000,-0.02224,0.47113
6.02500,-0.02040,0.47416
6.05000,-0.01854,0.47710
6.07500,-0.01665,0.47995
6.10000,-0.01474,0.48272
6.12500,-0.01280,0.48538
6.15000,-0.01083,0.48796
6.17500,-0.00884,0.49043
6.20000,-0.00683,0.49281
6.22500,-0.00480,0.49509
6.25000,-0.00275,0.49727
6.27500,-0.00068,0.49934
6.30000,0.00140,0.50131
6.32500,0.00351,0.50318
6.35000,0.00562,0.50494
6.37500,0.00775,0.50659
6.40000,0.00989,0.50814
6.42500,0.01204,0.50957
6.45000,0.01420,0.51090
6.47500,0.01637,0.51211
6.50000,0.01855,0.51322
6.52500,0.02072,0.51421
6.55000,0.02290,0.51508
6.57500,0.02509,0.51585
6.60000,0.02727,0.51650
6.62500,0.02945,0.51703
6.65000,0.03163,0.51746
6.67500,0.03381,0.51776
6.70000,0.03598,0.51795
6.72500,0.03814,0.51803
6.75000,0.04029,0.51799
6.77500,0.04243,0.51784
6.80000,0.04456,0.51757
6.82500,0.04668,0.51719
6.85000,0.04878,0.51669
6.87500,0.05087,0.51608
6.90000,0.05294,0.51536
6.92500,0.05498,0.51452
6.95000,0.05701,0.51357
6.97500,0.05901,0.51252
7.00000,0.06099,0.51135
7.02500,0.06295,0.51007
7.05000,0.06488,0.50868
7.07500,0.06678,0.50719
7.10000,0.06864,0.50559
7.12500,0.07048,0.50389
7.15000,0.07229,0.50208
7.17500,0.07406,0.50017
7.20000,0.07579,0.49816
7.22500,0.07749,0.49605
7.25000,0.07914,0.49384
7.27500,0.08076,0.49154
7.30000,0.08234,0.48915
7.32500,0.08387,0.48666
7.35000,0.08536,0.48408
7.37500,0.08681,0.48142
7.40000,0.08820,0.47867
7.42500,0.08955,0.47583
7.45000,0.09085,0.47291
7.47500,0.09211,0.46992
7.50000,0.09330,0.46685
7.52500,0.09445,0.46370
7.55000,0.09554,0.46049
7.57500,0.09658,0.45720
7.60000,0.09756,0.45385
7.62500,0.09849,0.45043
7.65000,0.09936,0.44695
7.67500,0.10017,0.44342
7.70000,0.10092,0.43982
7.72500,0.10160,0.43618
7.75000,0.10223,0.43249
7.77500,0.10280,0.42875
7.80000,0.10330,0.42497
7.82500,0.10374,0.42114
7.85000,0.10411,0.41728
7.87500,0.10442,0.41339
7.90000,0.10467,0.40947
7.92500,0.10484,0.40552
7.95000,0.10495,0.40154
7.97500,0.10500,0.39755
8.00000,0.10497,0.39354
8.02500,0.10488,0.38951
8.05000,0.10472,0.38548
8.07500,0.10449,0.38144
8.10000,0.10419,0.37739
8.12500,0.10383,0.37335
8.15000,0.10339,0.36931
8.17500,0.10289,0.36527
8.20000,0.10231,0.36125
8.22500,0.10166,0.35725
8.25000,0.10095,0.35326
8.27500,0.10017,0.34929
8.30000,0.09931,0.34535
8.32500,0.09839,0.34144
8.35000,0.09740,0.33757
8.37500,0.09634,0.33373
8.40000,0.09521,0.32993
8.42500,0.09401,0.32617
8.45000,0.09275,0.32246
8.47500,0.09142,0.31881
8.50000,0.09002,0.31520
8.52500,0.08855,0.31166
8.55000,0.08702,0.30818
8.57500,0.08543,0.30476
8.60000,0.08377,0.30141
8.62500,0.08204,0.29814
8.65000,0.08026,0.29494
8.67500,0.07841,0.29182
8.70000,0.07650,0.28878
8.72500,0.07453,0.28583
8.75000,0.07250,0.28297
8.77500,0.07041,0.28020
8.80000,0.06827,0.27752
8.82500,0.06607,0.27495
8.85000,0.06381,0.27248
8.87500,0.06150,0.27011
8.90000,0.05914,0.26785
8.92500,0.05673,0.26570
8.95000,0.05426,0.26366
8.97500,0.05175,0.26175
9.00000,0.04919,0.25995
9.02500,0.04659,0.25827
9.05000,0.04394,0.25672
9.07500,0.04125,0.25530
9.10000,0.03851,0.25400
9.12500,0.03574,0.25284
9.15000,0.03293,0.25182
9.17500,0.03008,0.25093
9.20000,0.02720,0.25018
9.22500,0.02428,0.24957
9.25000,0.02133,0.24910
9.27500,0.01836,0.24878
9.30000,0.01535,0.24861
9.32500,0.01232,0.24858
9.35000,0.00926,0.24871
9.37500,0.00619,0.24899
9.40000,0.00309,0.24942
9.42500,-0.00003,0.25001
9.45000,-0.00316,0.25075
9.47500,-0.00631,0.25165
9.50000,-0.00947,0.25271
9.52500,-0.01264,0.25393
9.55000,-0.01582,0.25531
9.57500,-0.01901,0.25685
9.60000,-0.02220,0.25855
9.62500,-0.02539,0.26041
9.65000,-0.02858,0.26244
9.67500,-0.03177,0.26463
9.70000,-0.03496,0.26698
9.72500,-0.03814,0.26950
9.75000,-0.04132,0.27218
9.77500,-0.04448,0.27503
9.80000,-0.04763,0.27804
9.82500,-0.05077,0.28121
9.85000,-0.05389,0.28455
9.87500,-0.05699,0.28804
9.90000,-0.06008,0.29170
9.92500,-0.06313,0.29553
9.95000,-0.06617,0.29951
9.97500,-0.06918,0.30365
10.00000,-0.07215,0.30795
10.02500,-0.07510,0.31240
10.05000,-0.07801,0.31701
10.07500,-0.08089,0.32178
10.10000,-0.08373,0.32670
10.12500,-0.08653,0.33177
10.15000,-0.08929,0.33699
10.17500,-0.09201,0.34236
10.20000,-0.09468,0.34787
10.22500,-0.09730,0.35353
10.25000,-0.09988,0.35933
10.27500,-0.10240,0.36527
10.30000,-0.10487,0.37135
10.32500,-0.10729,0.37756
10.35000,-0.10965,0.38390
10.37500,-0.11195,0.39038
10.40000,-0.11419,0.39698
10.42500,-0.11636,0.40370
10.45000,-0.11848,0.41055
10.47500,-0.12053,0.41752
10.50000,-0.12251,0.42460
10.52500,-0.12442,0.43179
10.55000,-0.12626,0.43909
10.57500,-0.12803,0.44649
10.60000,-0.12973,0.45400
10.62500,-0.13135,0.46161
10.65000,-0.13290,0.46931
10.67500,-0.13437,0.47710
10.70000,-0.13576,0.48498
10.72500,-0.13707,0.49294
10.75000,-0.13830,0.50098
10.77500,-0.13945,0.50910
10.80000,-0.14051,0.51729
10.82500,-0.14149,0.52554
10.85000,-0.14238,0.53386
10.87500,-0.14319,0.54224
10.90000,-0.14391,0.55067
10.92500,-0.14454,0.55915
10.95000,-0.14508,0.56768
10.97500,-0.14553,0.57625
11.00000,-0.14589,0.58486
11.02500,-0.14616,0.59350
11.05000,-0.14634,0.60217
11.07500,-0.14642,0.61086
11.10000,-0.14642,0.61956
11.12500,-0.14632,0.62829
11.15000,-0.14612,0.63702
11.17500,-0.14583,0.64575
11.20000,-0.14545,0.65449
11.22500,-0.14498,0.66322
11.25000,-0.14440,0.67194
11.27500,-0.14374,0.68064
11.30000,-0.14298,0.68933
11.32500,-0.14213,0.69799
11.35000,-0.14118,0.70662
11.37500,-0.14014,0.71522
11.40000,-0.13900,0.72378
11.42500,-0.13777,0.73229
11.45000,-0.13645,0.74076
11.47500,-0.13503,0.74917
11.50000,-0.13353,0.75752
11.52500,-0.13193,0.76582
11.55000,-0.13024,0.77404
11.57500,-0.12846,0.78219
11.60000,-0.12659,0.79026
11.62500,-0.12463,0.79825
11.65000,-0.12259,0.80616
11.67500,-0.12046,0.81397
11.70000,-0.11824,0.82169
11.72500,-0.11594,0.82930
11.75000,-0.11355,0.83682
11.77500,-0.11109,0.84422
11.80000,-0.10854,0.85151
11.82500,-0.10591,0.85868
11.85000,-0.10320,0.86573
11.87500,-0.10042,0.87265
11.90000,-0.09756,0.87944
11.92500,-0.09463,0.88610
11.95000,-0.09162,0.89262
11.97500,-0.08854,0.89900
12.00000,-0.08540,0.90523
12.02500,-0.08219,0.91131
12.05000,-0.07891,0.91723
12.07500,-0.07556,0.92300
12.10000,-0.07216,0.92861
12.12500,-0.06870,0.93405
12.15000,-0.06517,0.93933
12.17500,-0.06160,0.94444
12.20000,-0.05796,0.94937
12.22500,-0.05428,0.95412
12.25000,-0.05055,0.95870
12.27500,-0.04677,0.96309
12.30000,-0.04294,0.96730
12.32500,-0.03907,0.97132
12.35000,-0.03516,0.97514
12.37500,-0.03122,0.97878
12.40000,-0.02724,0.98222
12.42500,-0.02322,0.98546
12.45000,-0.01917,0.98851
12.47500,-0.01510,0.99135
12.50000,-0.01100,0.99399
12.52500,-0.00687,0.99642
12.55000,-0.00272,0.99865
12.57500,0.00144,1.00067
12.60000,0.00562,1.00249
12.62500,0.00981,1.00409
12.65000,0.01401,1.00548
12.67500,0.01823,1.00666
12.70000,0.02244,1.00763
12.72500,0.02666,1.00839
12.75000,0.03088,1.00893
12.77500,0.03509,1.00925
12.80000,0.03930,1.00937
12.82500,0.04350,1.00927
12.85000,0.04769,1.00895
12.87500,0.05187,1.00842
12.90000,0.05603,1.00768
12.92500,0.06017,1.00673
12.95000,0.06429,1.00556
12.97500,0.06838,1.00418
13.00000,0.07244,1.00259
13.02500,0.07648,1.00079
13.05000,0.08048,0.99879
13.07500,0.08445,0.99657
13.10000,0.08838,0.99415
13.12500,0.09226,0.99153
13.15000,0.09611,0.98870
13.17500,0.09991,0.98568
13.20000,0.10365,0.98245
13.22500,0.10735,0.97904
13.25000,0.11100,0.97542
13.27500,0.11458,0.97162
13.30000,0.11811,0.96762
13.32500,0.12158,0.96344
13.35000,0.12498,0.95908
13.37500,0.12831,0.95454
13.40000,0.13158,0.94982
13.42500,0.13478,0.94493
13.45000,0.13790,0.93986
13.47500,0.14095,0.93463
13.50000,0.14392,0.92924
13.52500,0.14681,0.92368
13.55000,0.14961,0.91797
13.57500,0.15234,0.91211
13.60000,0.15497,0.90610
13.62500,0.15752,0.89995
13.65000,0.15998,0.89365
13.67500,0.16234,0.88722
13.70000,0.16461,0.88066
13.72500,0.16679,0.87398
13.75000,0.16887,0.86717
13.77500,0.17085,0.86025
13.80000,0.17272,0.85321
13.82500,0.17450,0.84607
13.85000,0.17617,0.83882
13.87500,0.17773,0.83148
13.90000,0.17919,0.82405
13.92500,0.18054,0.81653
13.95000,0.18179,0.80893
13.97500,0.18292,0.80125
14.00000,0.18394,0.79350
14.02500,0.18484,0.78569
14.05000,0.18564,0.77782
14.07500,0.18631,0.76990
14.10000,0.18688,0.76193
14.12500,0.18732,0.75391
14.15000,0.18765,0.74586
14.17500,0.18787,0.73779
14.20000,0.18796,0.72968
14.22500,0.18794,0.72156
14.25000,0.18779,0.71343
14.27500,0.18753,0.70529
14.30000,0.18715,0.69715
14.32500,0.18665,0.68901
14.35000,0.18603,0.68089
14.37500,0.18529,0.67278
14.40000,0.18443,0.66470
14.42500,0.18345,0.65665
14.45000,0.18235,0.64863
14.47500,0.18113,0.64066
14.50000,0.17979,0.63274
14.52500,0.17834,0.62487
14.55000,0.17676,0.61706
14.57500,0.17507,0.60931
14.60000,0.17327,0.60164
14.62500,0.17134,0.59405
14.65000,0.16931,0.58654
14.67500,0.16716,0.57912
14.70000,0.16489,0.57180
14.72500,0.16251,0.56458
14.75000,0.16003,0.55747
14.77500,0.15743,0.55047
14.80000,0.15473,0.54359
14.82500,0.15192,0.53683
14.85000,0.14900,0.53021
14.87500,0.14598,0.52372
14.90000,0.14285,0.51737
14.92500,0.13963,0.51117
14.95000,0.13631,0.50512
14.97500,0.13289,0.49923
15.00000,0.12937,0.49350
15.02500,0.12576,0.48794
15.05000,0.12206,0.48255
15.07500,0.11827,0.47734
15.10000,0.11439,0.47231
15.12500,0.11043,0.46747
15.15000,0.10639,0.46282
15.17500,0.10226,0.45836
15.20000,0.09806,0.45410
15.22500,0.09378,0.45005
15.25000,0.08942,0.44620
15.27500,0.08500,0.44257
15.30000,0.08051,0.43915
15.32500,0.07595,0.43596
15.35000,0.07133,0.43298
15.37500,0.06665,0.43023
15.40000,0.06191,0.42772
15.42500,0.05712,0.42543
15.45000,0.05228,0.42338
15.47500,0.04738,0.42158
15.50000,0.04244,0.42001
15.52500,0.03746,0.41869
15.55000,0.03244,0.41761
15.57500,0.02739,0.41679
15.60000,0.02229,0.41621
15.62500,0.01717,0.41589
15.65000,0.01202,0.41583
15.67500,0.00685,0.41602
15.70000,0.00166,0.41647
15.72500,-0.00355,0.41718
15.75000,-0.00878,0.41815
15.77500,-0.01402,0.41938
15.80000,-0.01926,0.42088
15.82500,-0.02451,0.42264
15.85000,-0.02976,0.42467
15.87500,-0.03501,0.42696
15.90000,-0.04025,0.42951
15.92500,-0.04548,0.43233
15.95000,-0.05070,0.43542
15.97500,-0.05591,0.43877
16.00000,-0.06109,0.44238
16.02500,-0.06626,0.44626
16.05000,-0.07140,0.45040
16.07500,-0.07651,0.45480
16.10000,-0.08158,0.45947
16.12500,-0.08663,0.46439
16.15000,-0.09163,0.46957
16.17500,-0.09659,0.47500
16.20000,-0.10150,0.48069
16.22500,-0.10637,0.48664
16.25000,-0.11118,0.49283
16.27500,-0.11594,0.49927
16.30000,-0.12064,0.50596
16.32500,-0.12528,0.51289
16.35000,-0.12985,0.52006
16.37500,-0.13436,0.52746
16.40000,-0.13880,0.53510
16.42500,-0.14316,0.54297
16.45000,-0.14744,0.55107
16.47500,-0.15164,0.55939
16.50000,-0.15577,0.56793
16.52500,-0.15980,0.57669
16.55000,-0.16375,0.58565
16.57500,-0.16760,0.59483
16.60000,-0.17137,0.60421
16.62500,-0.17503,0.61378
16.65000,-0.17860,0.62355
16.67500,-0.18206,0.63351
16.70000,-0.18542,0.64366
16.72500,-0.18867,0.65398
16.75000,-0.19182,0.66448
16.77500,-0.19485,0.67514
16.80000,-0.19776,0.68597
16.82500,-0.20057,0.69696
16.85000,-0.20325,0.70810
16.87500,-0.20582,0.71939
16.90000,-0.20826,0.73081
16.92500,-0.21057,0.74237
16.95000,-0.21277,0.75406
16.97500,-0.21483,0.76587
17.00000,-0.21677,0.77780
17.02500,-0.21857,0.78983
17.05000,-0.22024,0.80197
17.07500,-0.22178,0.81421
17.10000,-0.22318,0.82653
17.12500,-0.22445,0.83894
17.15000,-0.22558,0.85142
17.17500,-0.22657,0.86398
17.20000,-0.22741,0.87659
17.22500,-0.22812,0.88926
17.25000,-0.22869,0.90198
17.27500,-0.22912,0.91474
17.30000,-0.22940,0.92754
17.32500,-0.22953,0.94036
17.35000,-0.22953,0.95320
17.37500,-0.22938,0.96606
17.40000,-0.22908,0.97892
17.42500,-0.22864,0.99178
17.45000,-0.22805,1.00463
17.47500,-0.22732,1.01746
17.50000,-0.22644,1.03027
17.52500,-0.22542,1.04305
17.55000,-0.22425,1.05578
17.57500,-0.22294,1.06848
17.60000,-0.22149,1.08112
17.62500,-0.21989,1.09369
17.65000,-0.21814,1.10620
17.67500,-0.21626,1.11864
17.70000,-0.21423,1.13099
17.72500,-0.21206,1.14326
17.75000,-0.20976,1.15542
17.77500,-0.20731,1.16748
17.80000,-0.20473,1.17943
17.82500,-0.20201,1.19127
17.85000,-0.19916,1.20297
17.87500,-0.19617,1.21455
17.90000,-0.19305,1.22599
17.92500,-0.18980,1.23728
17.95000,-0.18642,1.24842
17.97500,-0.18292,1.25939
18.00000,-0.17928,1.27021
18.02500,-0.17553,1.28085
18.05000,-0.17166,1.29131
18.07500,-0.16766,1.30159
18.10000,-0.16356,1.31168
18.12500,-0.15933,1.32157
18.15000,-0.15500,1.33125
18.17500,-0.15055,1.34073
18.20000,-0.14600,1.35000
18.22500,-0.14134,1.35904
18.25000,-0.13658,1.36786
18.27500,-0.13172,1.37644
18.30000,-0.12677,1.38479
18.32500,-0.12172,1.39290
18.35000,-0.11659,1.40076
18.37500,-0.11136,1.40837
18.40000,-0.10605,1.41573
18.42500,-0.10066,1.42283
18.45000,-0.09519,1.42966
18.47500,-0.08965,1.43622
18.50000,-0.08403,1.44251
18.52500,-0.07835,1.44852
18.55000,-0.07260,1.45425
18.57500,-0.06679,1.45970
18.60000,-0.06093,1.46486
18.62500,-0.05501,1.46973
18.65000,-0.04903,1.47430
18.67500,-0.04302,1.47858
18.70000,-0.03695,1.48256
18.72500,-0.03085,1.48624
18.75000,-0.02472,1.48961
18.77500,-0.01855,1.49268
18.80000,-0.01235,1.49544
18.82500,-0.00613,1.49790
18.85000,0.00011,1.50004
18.87500,0.00637,1.50186
18.90000,0.01264,1.50338
18.92500,0.01892,1.50458
18.95000,0.02520,1.50546
18.97500,0.03149,1.50603
19.00000,0.03777,1.50628
19.02500,0.04404,1.50621
19.05000,0.05031,1.50583
19.07500,0.05655,1.50514
19.10000,0.06278,1.50412
19.12500,0.06899,1.50280
19.15000,0.07517,1.50115
19.17500,0.08131,1.49920
19.20000,0.08742,1.49693
19.22500,0.09350,1.49436
19.25000,0.09953,1.49147
19.27500,0.10551,1.48828
19.30000,0.11144,1.48478
19.32500,0.11732,1.48098
19.35000,0.12314,1.47688
19.37500,0.12889,1.47248
19.40000,0.13459,1.46779
19.42500,0.14021,1.46281
19.45000,0.14575,1.45754
19.47500,0.15122,1.45198
19.50000,0.15661,1.44615
19.52500,0.16191,1.44003
19.55000,0.16713,1.43364
19.57500,0.17225,1.42699
19.60000,0.17728,1.42006
19.62500,0.18221,1.41288
19.65000,0.18704,1.40544
19.67500,0.19176,1.39776
19.70000,0.19637,1.38982
19.72500,0.20087,1.38165
19.75000,0.20526,1.37324
19.77500,0.20953,1.36460
19.80000,0.21368,1.35574
19.82500,0.21770,1.34666
19.85000,0.22160,1.33737
19.87500,0.22536,1.32787
19.90000,0.22900,1.31817
19.92500,0.23250,1.30828
19.95000,0.23586,1.29821
19.97500,0.23909,1.28795
20.00000,0.24217,1.27753
20.02500,0.24510,1.26693
20.05000,0.24789,1.25618
20.07500,0.25053,1.24528
20.10000,0.25302,1.23423
20.12500,0.25536,1.22305
20.15000,0.25754,1.21174
20.17500,0.25957,1.20031
20.20000,0.26143,1.18876
20.22500,0.26314,1.17711
20.25000,0.26469,1.16536
20.27500,0.26607,1.15352
20.30000,0.26729,1.14160
20.32500,0.26834,1.12960
20.35000,0.26923,1.11755
20.37500,0.26995,1.10543
20.40000,0.27051,1.09327
20.42500,0.27089,1.08106
20.45000,0.27111,1.06883
20.47500,0.27115,1.05657
20.50000,0.27103,1.04429
20.52500,0.27073,1.03201
20.55000,0.27027,1.01974
20.57500,0.26963,1.00747
20.60000,0.26882,0.99523
20.62500,0.26784,0.98301
20.65000,0.26669,0.97083
20.67500,0.26537,0.95869
20.70000,0.26388,0.94661
20.72500,0.26222,0.93459
20.75000,0.26039,0.92265
20.77500,0.25839,0.91078
20.80000,0.25623,0.89900
20.82500,0.25389,0.88732
20.85000,0.25140,0.87575
20.87500,0.24874,0.86429
20.90000,0.24592,0.85295
20.92500,0.24293,0.84174
20.95000,0.23979,0.83067
20.97500,0.23649,0.81974
21.00000,0.23303,0.80898
21.02500,0.22941,0.79837
21.05000,0.22565,0.78794
21.07500,0.22173,0.77768
21.10000,0.21766,0.76761
21.12500,0.21345,0.75774
21.15000,0.20910,0.74806
21.17500,0.20460,0.73860
21.20000,0.19996,0.72935
21.22500,0.19519,0.72032
21.25000,0.19028,0.71153
21.27500,0.18524,0.70297
21.30000,0.18007,0.69466
21.32500,0.17478,0.68660
21.35000,0.16936,0.67879
21.37500,0.16383,0.67125
21.40000,0.15818,0.66398
21.42500,0.15242,0.65699
21.45000,0.14655,0.65028
21.47500,0.14057,0.64385
21.50000,0.13449,0.63772
21.52500,0.12831,0.63189
21.55000,0.12204,0.62636
21.57500,0.11567,0.62114
21.60000,0.10922,0.61623
21.62500,0.10268,0.61164
21.65000,0.09607,0.60738
21.67500,0.08938,0.60344
21.70000,0.08262,0.59984
21.72500,0.07579,0.59656
21.75000,0.06889,0.59363
21.77500,0.06194,0.59104
21.80000,0.05493,0.58880
21.82500,0.04787,0.58690
21.85000,0.04077,0.58535
21.87500,0.03362,0.58416
21.90000,0.02644,0.58333
21.92500,0.01922,0.58285
21.95000,0.01198,0.58273
21.97500,0.00471,0.58298
22.00000,-0.00258,0.58359
22.02500,-0.00989,0.58457
22.05000,-0.01720,0.58591
22.07500,-0.02452,0.58761
22.10000,-0.03184,0.58969
22.12500,-0.03916,0.59213
22.15000,-0.04647,0.59494
22.17500,-0.05377,0.59812
22.20000,-0.06105,0.60167
22.22500,-0.06831,0.60558
22.25000,-0.07554,0.60986
22.27500,-0.08274,0.61451
22.30000,-0.08990,0.61951
22.32500,-0.09703,0.62489
22.35000,-0.10410,0.63062
22.37500,-0.11113,0.63671
22.40000,-0.11811,0.64315
22.42500,-0.12503,0.64995
22.45000,-0.13188,0.65710
22.47500,-0.13867,0.66460
22.50000,-0.14538,0.67245
22.52500,-0.15202,0.68063
22.55000,-0.15858,0.68916
22.57500,-0.16505,0.69802
22.60000,-0.17143,0.70721
22.62500,-0.17772,0.71672
22.65000,-0.18391,0.72656
22.67500,-0.19000,0.73672
22.70000,-0.19598,0.74718
22.72500,-0.20186,0.75796
22.75000,-0.20762,0.76904
22.77500,-0.21326,0.78041
22.80000,-0.21878,0.79207
22.82500,-0.22418,0.80402
22.85000,-0.22944,0.81625
22.87500,-0.23458,0.82875
22.90000,-0.23957,0.84152
22.92500,-0.24443,0.85454
22.95000,-0.24915,0.86782
22.97500,-0.25372,0.88135
23.00000,-0.25814,0.89511
23.02500,-0.26240,0.90910
23.05000,-0.26652,0.92332
23.07500,-0.27047,0.93776
23.10000,-0.27426,0.95240
23.12500,-0.27789,0.96724
23.15000,-0.28135,0.98228
23.17500,-0.28464,0.99749
23.20000,-0.28776,1.01289
23.22500,-0.29071,1.02845
23.25000,-0.29348,1.04417
23.27500,-0.29607,1.06004
23.30000,-0.29848,1.07605
23.32500,-0.30071,1.09220
23.35000,-0.30276,1.10846
23.37500,-0.30462,1.12484
23.40000,-0.30629,1.14133
23.42500,-0.30777,1.15791
23.45000,-0.30907,1.17457
23.47500,-0.31017,1.19132
23.50000,-0.31108,1.20812
23.52500,-0.31180,1.22499
23.55000,-0.31232,1.24190
23.57500,-0.31265,1.25886
23.60000,-0.31278,1.27584
23.62500,-0.31271,1.29283
23.65000,-0.31245,1.30984
23.67500,-0.31199,1.32685
23.70000,-0.31134,1.34384
23.72500,-0.31049,1.36081
23.75000,-0.30944,1.37775
23.77500,-0.30820,1.39465
23.80000,-0.30676,1.41150
23.82500,-0.30512,1.42829
23.85000,-0.30329,1.44501
23.87500,-0.30126,1.46164
23.90000,-0.29904,1.47819
23.92500,-0.29663,1.49464
23.95000,-0.29403,1.51097
23.97500,-0.29124,1.52719
24.00000,-0.28825,1.54328
24.02500,-0.28509,1.55923
24.05000,-0.28173,1.57503
24.07500,-0.27819,1.59067
24.10000,-0.27447,1.60615
24.12500,-0.27057,1.62145
24.15000,-0.26650,1.63657
24.17500,-0.26224,1.65149
24.20000,-0.25781,1.66620
24.22500,-0.25322,1.68071
24.25000,-0.24845,1.69499
24.27500,-0.24352,1.70904
24.30000,-0.23842,1.72286
24.32500,-0.23317,1.73643
24.35000,-0.22775,1.74974
24.37500,-0.22219,1.76279
24.40000,-0.21647,1.77557
24.42500,-0.21060,1.78808
24.45000,-0.20459,1.80029
24.47500,-0.19844,1.81222
24.50000,-0.19216,1.82384
24.52500,-0.18574,1.83515
24.55000,-0.17918,1.84615
24.57500,-0.17251,1.85683
24.60000,-0.16571,1.86718
24.62500,-0.15879,1.87719
24.65000,-0.15176,1.88687
24.67500,-0.14462,1.89619
24.70000,-0.13738,1.90517
24.72500,-0.13003,1.91379
24.75000,-0.12259,1.92204
24.77500,-0.11506,1.92993
24.80000,-0.10744,1.93744
24.82500,-0.09973,1.94457
24.85000,-0.09195,1.95133
24.87500,-0.08409,1.95769
24.90000,-0.07617,1.96367
24.92500,-0.06818,1.96925
24.95000,-0.06013,1.97444
24.97500,-0.05203,1.97922
25.00000,-0.04388,1.98360
25.02500,-0.03569,1.98758
25.05000,-0.02746,1.99114
25.07500,-0.01919,1.99430
25.10000,-0.01090,1.99704
25.12500,-0.00258,1.99936
25.15000,0.00576,2.00127
25.17500,0.01411,2.00277
25.20000,0.02246,2.00384
25.22500,0.03082,2.00450
25.25000,0.03918,2.00473
25.27500,0.04753,2.00455
25.30000,0.05586,2.00394
25.32500,0.06418,2.00292
25.35000,0.07247,2.00148
25.37500,0.08074,1.99962
25.40000,0.08897,1.99735
25.42500,0.09716,1.99466
25.45000,0.10530,1.99156
25.47500,0.11340,1.98804
25.50000,0.12144,1.98412
25.52500,0.12941,1.97979
25.55000,0.13733,1.97506
25.57500,0.14517,1.96992
25.60000,0.15294,1.96439
25.62500,0.16062,1.95847
25.65000,0.16823,1.95215
25.67500,0.17574,1.94545
25.70000,0.18315,1.93837
25.72500,0.19046,1.93091
25.75000,0.19767,1.92308
25.77500,0.20477,1.91488
25.80000,0.21175,1.90632
25.82500,0.21862,1.89740
25.85000,0.22536,1.88813
25.87500,0.23197,1.87852
25.90000,0.23845,1.86856
25.92500,0.24479,1.85828
25.95000,0.25100,1.84767
25.97500,0.25705,1.83674
26.00000,0.26296,1.82550
26.02500,0.26871,1.81396
26.05000,0.27430,1.80212
26.07500,0.27974,1.78999
26.10000,0.28501,1.77758
26.12500,0.29011,1.76490
26.15000,0.29503,1.75195
26.17500,0.29979,1.73875
26.20000,0.30436,1.72530
26.22500,0.30875,1.71161
26.25000,0.31295,1.69769
26.27500,0.31697,1.68355
26.30000,0.32080,1.66920
26.32500,0.32443,1.65465
26.35000,0.32786,1.63990
26.37500,0.33110,1.62498
26.40000,0.33413,1.60988
26.42500,0.33696,1.59461
26.45000,0.33959,1.57920
26.47500,0.34201,1.56364
26.50000,0.34421,1.54796
26.52500,0.34621,1.53215
26.55000,0.34799,1.51623
26.57500,0.34955,1.50021
26.60000,0.35090,1.48410
26.62500,0.35204,1.46791
26.65000,0.35295,1.45165
26.67500,0.35364,1.43534
26.70000,0.35412,1.41898
26.72500,0.35437,1.40259
26.75000,0.35440,1.38618
26.77500,0.35421,1.36975
26.80000,0.35379,1.35332
26.82500,0.35316,1.33690
26.85000,0.35230,1.32050
26.87500,0.35121,1.30413
26.90000,0.34991,1.28780
26.92500,0.34838,1.27154
26.95000,0.34663,1.25533
26.97500,0.34467,1.23920
27.00000,0.34248,1.22317
27.02500,0.34007,1.20723
27.05000,0.33744,1.19140
27.07500,0.33460,1.17569
27.10000,0.33155,1.16011
27.12500,0.32827,1.14468
27.15000,0.32479,1.12940
27.17500,0.32110,1.11428
27.20000,0.31720,1.09934
27.22500,0.31309,1.08459
27.25000,0.30878,1.07003
27.27500,0.30427,1.05567
27.30000,0.29956,1.04154
27.32500,0.29465,1.02763
27.35000,0.28955,1.01396
27.37500,0.28425,1.00053
27.40000,0.27877,0.98736
27.42500,0.27311,0.97446
27.45000,0.26726,0.96183
27.47500,0.26123,0.94949
27.50000,0.25503,0.93744
27.52500,0.24866,0.92569
27.55000,0.24212,0.91426
27.57500,0.23542,0.90314
27.60000,0.22856,0.89236
27.62500,0.22154,0.88191
27.65000,0.21437,0.87180
27.67500,0.20705,0.86205
27.70000,0.19959,0.85266
27.72500,0.19199,0.84363
27.75000,0.18426,0.83498
27.77500,0.17639,0.82671
27.80000,0.16841,0.81883
27.82500,0.16030,0.81135
27.85000,0.15208,0.80426
27.87500,0.14374,0.79758
27.90000,0.13530,0.79132
27.92500,0.12677,0.78547
27.95000,0.11813,0.78005
27.97500,0.10941,0.77506
28.00000,0.10060,0.77050
28.02500,0.09172,0.76637
28.05000,0.08276,0.76269
28.07500,0.07373,0.75946
28.10000,0.06464,0.75667
28.12500,0.05550,0.75434
28.15000,0.04630,0.75247
28.17500,0.03706,0.75105
28.20000,0.02778,0.75009
28.22500,0.01846,0.74960
28.25000,0.00912,0.74958
28.27500,-0.00025,0.75002
28.30000,-0.00963,0.75093
28.32500,-0.01903,0.75231
28.35000,-0.02842,0.75416
28.37500,-0.03782,0.75648
28.40000,-0.04721,0.75927
28.42500,-0.05659,0.76254
28.45000,-0.06594,0.76627
28.47500,-0.07528,0.77048
28.50000,-0.08458,0.77515
28.52500,-0.09384,0.78030
28.55000,-0.10307,0.78591
28.57500,-0.11224,0.79198
28.60000,-0.12136,0.79851
28.62500,-0.13042,0.80551
28.65000,-0.13941,0.81296
28.67500,-0.14833,0.82087
28.70000,-0.15718,0.82923
28.72500,-0.16594,0.83803
28.75000,-0.17461,0.84728
28.77500,-0.18319,0.85696
28.80000,-0.19167,0.86708
28.82500,-0.20004,0.87763
28.85000,-0.20830,0.88861
28.87500,-0.21645,0.90000
28.90000,-0.22447,0.91181
28.92500,-0.23237,0.92403
28.95000,-0.24014,0.93664
28.97500,-0.24776,0.94965
29.00000,-0.25525,0.96306
29.02500,-0.26259,0.97684
29.05000,-0.26978,0.99099
29.07500,-0.27681,1.00552
29.10000,-0.28367,1.02040
29.12500,-0.29038,1.03564
29.15000,-0.29691,1.05121
29.17500,-0.30326,1.06713
29.20000,-0.30944,1.08337
29.22500,-0.31544,1.09992
29.25000,-0.32124,1.11679
29.27500,-0.32686,1.13395
29.30000,-0.33228,1.15141
29.32500,-0.33750,1.16914
29.35000,-0.34252,1.18715
29.37500,-0.34733,1.20541
29.40000,-0.35193,1.22393
29.42500,-0.35632,1.24269
29.45000,-0.36050,1.26167
29.47500,-0.36445,1.28087
29.50000,-0.36818,1.30028
29.52500,-0.37169,1.31989
29.55000,-0.37497,1.33969
29.57500,-0.37803,1.35965
29.60000,-0.38085,1.37978
29.62500,-0.38343,1.40006
29.65000,-0.38578,1.42049
29.67500,-0.38789,1.44103
29.70000,-0.38977,1.46170
29.72500,-0.39140,1.48247
29.75000,-0.39279,1.50333
29.77500,-0.39393,1.52427
29.80000,-0.39483,1.54528
29.82500,-0.39549,1.56634
29.85000,-0.39589,1.58745
29.87500,-0.39605,1.60859
29.90000,-0.39596,1.62974
29.92500,-0.39563,1.65090
29.95000,-0.39504,1.67206
29.97500,-0.39421,1.69319
30.00000,-0.39313,1.71430
30.02500,-0.39179,1.73536
30.05000,-0.39022,1.75636
30.07500,-0.38839,1.77730
30.10000,-0.38632,1.79815
30.12500,-0.38400,1.81891
30.15000,-0.38144,1.83957
30.17500,-0.37863,1.86010
30.20000,-0.37558,1.88051
30.22500,-0.37229,1.90077
30.25000,-0.36877,1.92088
30.27500,-0.36500,1.94082
30.30000,-0.36100,1.96058
30.32500,-0.35677,1.98015
30.35000,-0.35231,1.99952
30.37500,-0.34762,2.01867
30.40000,-0.34270,2.03760
30.42500,-0.33756,2.05629
30.45000,-0.33220,2.07473
30.47500,-0.32663,2.09291
30.50000,-0.32083,2.11082
30.52500,-0.31483,2.12845
30.55000,-0.30863,2.14579
30.57500,-0.30221,2.16282
30.60000,-0.29560,2.17955
30.62500,-0.28879,2.19594
30.65000,-0.28179,2.21201
30.67500,-0.27461,2.22773
30.70000,-0.26723,2.24310
30.72500,-0.25968,2.25810
30.75000,-0.25196,2.27274
30.77500,-0.24406,2.28699
30.80000,-0.23600,2.30085
30.82500,-0.22777,2.31432
30.85000,-0.21939,2.32738
30.87500,-0.21086,2.34003
30.90000,-0.20218,2.35226
30.92500,-0.19337,2.36405
30.95000,-0.18441,2.37541
30.97500,-0.17533,2.38633
31.00000,-0.16612,2.39679
31.02500,-0.15679,2.40680
31.05000,-0.14735,2.41635
31.07500,-0.13780,2.42543
31.10000,-0.12816,2.43403
31.12500,-0.11841,2.44216
31.15000,-0.10857,2.44979
31.17500,-0.09866,2.45694
31.20000,-0.08866,2.46360
31.22500,-0.07859,2.46976
31.25000,-0.06846,2.47541
31.27500,-0.05826,2.48056
31.30000,-0.04802,2.48520
31.32500,-0.03772,2.48933
31.35000,-0.02739,2.49295
31.37500,-0.01703,2.49605
31.40000,-0.00663,2.49863
31.42500,0.00378,2.50069
31.45000,0.01421,2.50223
31.47500,0.02465,2.50324
31.50000,0.03508,2.50374
31.52500,0.04551,2.50371
31.55000,0.05593,2.50316
31.57500,0.06634,2.50208
31.60000,0.07671,2.50049
31.62500,0.08706,2.49837
31.65000,0.09736,2.49573
31.67500,0.10762,2.49258
31.70000,0.11783,2.48891
31.72500,0.12799,2.48472
31.75000,0.13808,2.48002
31.77500,0.14809,2.47482
31.80000,0.15803,2.46911
31.82500,0.16789,2.46290
31.85000,0.17766,2.45619
31.87500,0.18733,2.44899
31.90000,0.19690,2.44130
31.92500,0.20636,2.43313
31.95000,0.21571,2.42448
31.97500,0.22493,2.41535
32.00000,0.23403,2.40576
32.02500,0.24300,2.39571
32.05000,0.25183,2.38521
32.07500,0.26051,2.37425
32.10000,0.26905,2.36286
32.12500,0.27743,2.35103
32.15000,0.28565,2.33878
32.17500,0.29370,2.32611
32.20000,0.30158,2.31302
32.22500,0.30929,2.29954
32.25000,0.31681,2.28567
32.27500,0.32414,2.27141
32.30000,0.33129,2.25677
32.32500,0.33823,2.24178
32.35000,0.34498,2.22642
32.37500,0.35152,2.21072
32.40000,0.35785,2.19469
32.42500,0.36397,2.17833
32.45000,0.36987,2.16165
32.47500,0.37554,2.14468
32.50000,0.38099,2.12741
32.52500,0.38621,2.10985
32.55000,0.39119,2.09203
32.57500,0.39593,2.07395
32.60000,0.40044,2.05563
32.62500,0.40470,2.03706
32.65000,0.40872,2.01828
32.67500,0.41248,1.99929
32.70000,0.41599,1.98010
32.72500,0.41925,1.96072
32.75000,0.42225,1.94117
32.77500,0.42499,1.92146
32.80000,0.42746,1.90161
32.82500,0.42967,1.88162
32.85000,0.43162,1.86151
32.87500,0.43330,1.84130
32.90000,0.43471,1.82099
32.92500,0.43585,1.80060
32.95000,0.43672,1.78014
32.97500,0.43731,1.75963
33.00000,0.43764,1.73908
33.02500,0.43769,1.71851
33.05000,0.43746,1.69792
33.07500,0.43696,1.67733
33.10000,0.43619,1.65676
33.12500,0.43514,1.63622
33.15000,0.43382,1.61572
33.17500,0.43222,1.59528
33.20000,0.43035,1.57491
33.22500,0.42821,1.55462
33.25000,0.42580,1.53443
33.27500,0.42311,1.51436
33.30000,0.42016,1.49440
33.32500,0.41694,1.47459
33.35000,0.41345,1.45493
33.37500,0.40970,1.43543
33.40000,0.40569,1.41611
33.42500,0.40141,1.39699
33.45000,0.39688,1.37806
33.47500,0.39209,1.35936
33.50000,0.38705,1.34089
33.52500,0.38176,1.32266
33.55000,0.37623,1.30469
33.57500,0.37045,1.28699
33.60000,0.36442,1.26957
33.62500,0.35817,1.25244
33.65000,0.35167,1.23562
33.67500,0.34495,1.21911
33.70000,0.33800,1.20293
33.72500,0.33083,1.18710
33.75000,0.32344,1.17162
33.77500,0.31584,1.15649
33.80000,0.30803,1.14175
33.82500,0.30001,1.12738
33.85000,0.29179,1.11342
33.87500,0.28338,1.09985
33.90000,0.27478,1.08670
33.92500,0.26600,1.07398
33.95000,0.25703,1.06169
33.97500,0.24789,1.04984
34.00000,0.23858,1.03845
34.02500,0.22911,1.02752
34.05000,0.21948,1.01705
34.07500,0.20970,1.00706
34.10000,0.19978,0.99756
34.12500,0.18971,0.98855
34.15000,0.17951,0.98004
34.17500,0.16918,0.97204
34.20000,0.15873,0.96455
34.22500,0.14817,0.95758
34.25000,0.13750,0.95113
34.27500,0.12673,0.94522
34.30000,0.11586,0.93984
34.32500,0.10490,0.93500
34.35000,0.09386,0.93071
34.37500,0.08275,0.92697
34.40000,0.07157,0.92379
34.42500,0.06033,0.92116
34.45000,0.04903,0.91909
34.47500,0.03769,0.91759
34.50000,0.02630,0.91665
34.52500,0.01489,0.91629
34.55000,0.00345,0.91649
34.57500,-0.00802,0.91727
34.60000,-0.01949,0.91862
34.62500,-0.03097,0.92055
34.65000,-0.04244,0.92305
34.67500,-0.05390,0.92612
34.70000,-0.06535,0.92977
34.72500,-0.07677,0.93400
34.75000,-0.08816,0.93880
34.77500,-0.09952,0.94416
34.80000,-0.11082,0.95010
34.82500,-0.12208,0.95661
34.85000,-0.13327,0.96368
34.87500,-0.14439,0.97132
34.90000,-0.15545,0.97951
34.92500,-0.16641,0.98827
34.95000,-0.17730,0.99757
34.97500,-0.18808,1.00742
35.00000,-0.19876,1.01782
35.02500,-0.20934,1.02875
35.05000,-0.21979,1.04022
35.07500,-0.23013,1.05221
35.10000,-0.24033,1.06473
35.12500,-0.25040,1.07776
35.15000,-0.26033,1.09130
35.17500,-0.27011,1.10534
35.20000,-0.27973,1.11988
35.22500,-0.28919,1.13490
35.25000,-0.29849,1.15041
35.27500,-0.30761,1.16638
35.30000,-0.31655,1.18282
35.32500,-0.32530,1.19971
35.35000,-0.33386,1.21704
35.37500,-0.34223,1.23481
35.40000,-0.35039,1.25301
35.42500,-0.35835,1.27162
35.45000,-0.36609,1.29063
35.47500,-0.37361,1.31004
35.50000,-0.38091,1.32984
35.52500,-0.38799,1.35000
35.55000,-0.39482,1.37053
35.57500,-0.40143,1.39141
35.60000,-0.40778,1.41263
35.62500,-0.41390,1.43417
35.65000,-0.41976,1.45603
35.67500,-0.42537,1.47818
35.70000,-0.43071,1.50063
35.72500,-0.43580,1.52335
35.75000,-0.44062,1.54634
35.77500,-0.44517,1.56957
35.80000,-0.44945,1.59304
35.82500,-0.45345,1.61674
35.85000,-0.45718,1.64064
35.87500,-0.46062,1.66474
35.90000,-0.46378,1.68902
35.92500,-0.46666,1.71346
35.95000,-0.46924,1.73806
35.97500,-0.47154,1.76280
36.00000,-0.47354,1.78766
36.02500,-0.47525,1.81263
36.05000,-0.47666,1.83770
36.07500,-0.47778,1.86284
36.10000,-0.47860,1.88805
36.12500,-0.47912,1.91331
36.15000,-0.47934,1.93861
36.17500,-0.47926,1.96392
36.20000,-0.47888,1.98924
36.22500,-0.47821,2.01456
36.25000,-0.47723,2.03984
36.27500,-0.47595,2.06509
36.30000,-0.47437,2.09028
36.32500,-0.47249,2.11540
36.35000,-0.47031,2.14043
36.37500,-0.46783,2.16537
36.40000,-0.46506,2.19019
36.42500,-0.46200,2.21488
36.45000,-0.45864,2.23942
36.47500,-0.45498,2.26381
36.50000,-0.45104,2.28802
36.52500,-0.44681,2.31204
36.55000,-0.44229,2.33586
36.57500,-0.43750,2.35946
36.60000,-0.43242,2.38283
36.62500,-0.42706,2.40595
36.65000,-0.42143,2.42882
36.67500,-0.41552,2.45140
36.70000,-0.40935,2.47371
36.72500,-0.40291,2.49571
36.75000,-0.39622,2.51739
36.77500,-0.38926,2.53875
36.80000,-0.38205,2.55976
36.82500,-0.37460,2.58043
36.85000,-0.36689,2.60072
36.87500,-0.35895,2.62064
36.90000,-0.35077,2.64017
36.92500,-0.34236,2.65929
36.95000,-0.33373,2.67800
36.97500,-0.32487,2.69628
37.00000,-0.31580,2.71413
37.02500,-0.30652,2.73153
37.05000,-0.29704,2.74847
37.07500,-0.28735,2.76494
37.10000,-0.27747,2.78093
37.12500,-0.26741,2.79643
37.15000,-0.25716,2.81143
37.17500,-0.24674,2.82593
37.20000,-0.23615,2.83991
37.22500,-0.22540,2.85336
37.25000,-0.21450,2.86628
37.27500,-0.20344,2.87865
37.30000,-0.19224,2.89048
37.32500,-0.18091,2.90175
37.35000,-0.16945,2.91245
37.37500,-0.15786,2.92259
37.40000,-0.14617,2.93215
37.42500,-0.13436,2.94112
37.45000,-0.12246,2.94951
37.47500,-0.11046,2.95731
37.50000,-0.09838,2.96450
37.52500,-0.08622,2.97110
37.55000,-0.07399,2.97708
37.57500,-0.06169,2.98246
37.60000,-0.04934,2.98722
37.62500,-0.03695,2.99136
37.65000,-0.02451,2.99489
37.67500,-0.01205,2.99779
37.70000,0.00044,3.00007
37.72500,0.01295,3.00172
37.75000,0.02547,3.00275
37.77500,0.03798,3.00316
37.80000,0.05049,3.00293
37.82500,0.06299,3.00208
37.85000,0.07546,3.00060
37.87500,0.08790,2.99850
37.90000,0.10030,2.99577
37.92500,0.11266,2.99242
37.95000,0.12496,2.98845
37.97500,0.13720,2.98386
38.00000,0.14937,2.97866
38.02500,0.16146,2.97285
38.05000,0.17347,2.96642
38.07500,0.18538,2.95940
38.10000,0.19719,2.95177
38.12500,0.20890,2.94355
38.15000,0.22049,2.93475
38.17500,0.23196,2.92535
38.20000,0.24329,2.91538
38.22500,0.25449,2.90484
38.25000,0.26555,2.89374
38.27500,0.27645,2.88207
38.30000,0.28719,2.86986
38.32500,0.29777,2.85710
38.35000,0.30818,2.84381
38.37500,0.31840,2.83000
38.40000,0.32844,2.81566
38.42500,0.33829,2.80082
38.45000,0.34794,2.78548
38.47500,0.35738,2.76965
38.50000,0.36661,2.75335
38.52500,0.37563,2.73657
38.55000,0.38442,2.71934
38.57500,0.39298,2.70166
38.60000,0.40131,2.68355
38.62500,0.40939,2.66501
38.65000,0.41723,2.64606
38.67500,0.42482,2.62671
38.70000,0.43215,2.60698
38.72500,0.43922,2.58687
38.75000,0.44603,2.56640
38.77500,0.45256,2.54558
38.80000,0.45882,2.52443
38.82500,0.46480,2.50296
38.85000,0.47050,2.48118
38.87500,0.47591,2.45911
38.90000,0.48103,2.43676
38.92500,0.48585,2.41414
38.95000,0.49038,2.39128
38.97500,0.49461,2.36818
39.00000,0.49853,2.34486
39.02500,0.50214,2.32134
39.05000,0.50544,2.29762
39.07500,0.50844,2.27374
39.10000,0.51111,2.24969
39.12500,0.51347,2.22551
39.15000,0.51551,2.20120
39.17500,0.51724,2.17677
39.20000,0.51864,2.15226
39.22500,0.51971,2.12766
39.25000,0.52047,2.10300
39.27500,0.52089,2.07830
39.30000,0.52100,2.05356
39.32500,0.52077,2.02882
39.35000,0.52022,2.00407
39.37500,0.51935,1.97935
39.40000,0.51814,1.95466
39.42500,0.51661,1.93002
39.45000,0.51476,1.90545
39.47500,0.51258,1.88096
39.50000,0.51008,1.85658
39.52500,0.50725,1.83231
39.55000,0.50411,1.80818
39.57500,0.50064,1.78419
39.60000,0.49686,1.76037
39.62500,0.49276,1.73673
39.65000,0.48834,1.71329
39.67500,0.48362,1.69007
39.70000,0.47858,1.66707
39.72500,0.47324,1.64431
39.75000,0.46760,1.62182
39.77500,0.46166,1.59960
39.80000,0.45542,1.57767
39.82500,0.44889,1.55604
39.85000,0.44207,1.53474
39.87500,0.43496,1.51377
39.90000,0.42757,1.49314
39.92500,0.41991,1.47288
39.95000,0.41197,1.45300
39.97500,0.40376,1.43351
40.00000,0.39529,1.41442
40.02500,0.38657,1.39575
40.05000,0.37759,1.37751
40.07500,0.36836,1.35972
40.10000,0.35889,1.34238
40.12500,0.34919,1.32551
40.15000,0.33925,1.30912
40.17500,0.32909,1.29322
40.20000,0.31871,1.27782
40.22500,0.30811,1.26294
40.25000,0.29732,1.24858
40.27500,0.28632,1.23476
40.30000,0.27513,1.22149
40.32500,0.26375,1.20877
40.35000,0.25219,1.19661
40.37500,0.24046,1.18503
40.40000,0.22857,1.17404
40.42500,0.21652,1.16363
40.45000,0.20431,1.15383
40.47500,0.19197,1.14463
40.50000,0.17949,1.13605
40.52500,0.16688,1.12809
40.55000,0.15415,1.12075
40.57500,0.14131,1.11405
40.60000,0.12837,1.10800
40.62500,0.11532,1.10258
40.65000,0.10219,1.09782
40.67500,0.08898,1.09372
40.70000,0.07570,1.09027
40.72500,0.06236,1.08749
40.75000,0.04896,1.08537
40.77500,0.03551,1.08392
40.80000,0.02202,1.08315
40.82500,0.00850,1.08305
40.85000,-0.00504,1.08363
40.87500,-0.01859,1.08488
40.90000,-0.03215,1.08681
40.92500,-0.04570,1.08942
40.95000,-0.05924,1.09271
40.97500,-0.07276,1.09668
41.00000,-0.08626,1.10133
41.02500,-0.09971,1.10665
41.05000,-0.11312,1.11265
41.07500,-0.12647,1.11932
41.10000,-0.13976,1.12666
41.12500,-0.15298,1.13466
41.15000,-0.16613,1.14333
41.17500,-0.17918,1.15266
41.20000,-0.19213,1.16265
41.22500,-0.20498,1.17329
41.25000,-0.21772,1.18457
41.27500,-0.23034,1.19649
41.30000,-0.24283,1.20905
41.32500,-0.25518,1.22224
41.35000,-0.26739,1.23605
41.37500,-0.27944,1.25047
41.40000,-0.29134,1.26550
41.42500,-0.30306,1.28113
41.45000,-0.31462,1.29735
41.47500,-0.32598,1.31415
41.50000,-0.33716,1.33153
41.52500,-0.34814,1.34947
41.55000,-0.35891,1.36796
41.57500,-0.36948,1.38700
41.60000,-0.37982,1.40658
41.62500,-0.38994,1.42667
41.65000,-0.39983,1.44728
41.67500,-0.40948,1.46839
41.70000,-0.41888,1.48998
41.72500,-0.42803,1.51206
41.75000,-0.43693,1.53460
41.77500,-0.44556,1.55758
41.80000,-0.45393,1.58101
41.82500,-0.46202,1.60486
41.85000,-0.46983,1.62913
41.87500,-0.47735,1.65379
41.90000,-0.48459,1.67883
41.92500,-0.49153,1.70425
41.95000,-0.49817,1.73001
41.97500,-0.50451,1.75612
42.00000,-0.51054,1.78255
42.02500,-0.51626,1.80929
42.05000,-0.52166,1.83632
42.07500,-0.52674,1.86364
42.10000,-0.53150,1.89121
42.12500,-0.53593,1.91903
42.15000,-0.54003,1.94707
42.17500,-0.54379,1.97533
42.20000,-0.54722,2.00379
42.22500,-0.55032,2.03242
42.25000,-0.55307,2.06122
42.27500,-0.55547,2.09016
42.30000,-0.55754,2.11924
42.32500,-0.55925,2.14842
42.35000,-0.56062,2.17769
42.37500,-0.56164,2.20704
42.40000,-0.56231,2.23646
42.42500,-0.56263,2.26591
42.45000,-0.56259,2.29538
42.47500,-0.56221,2.32486
42.50000,-0.56147,2.35433
42.52500,-0.56038,2.38377
42.55000,-0.55893,2.41317
42.57500,-0.55714,2.44250
42.60000,-0.55499,2.47175
42.62500,-0.55250,2.50089
42.65000,-0.54965,2.52992
42.67500,-0.54646,2.55882
42.70000,-0.54292,2.58756
42.72500,-0.53904,2.61613
42.75000,-0.53482,2.64452
42.77500,-0.53025,2.67270
42.80000,-0.52535,2.70066
42.82500,-0.52011,2.72839
42.85000,-0.51455,2.75586
42.87500,-0.50865,2.78305
42.90000,-0.50243,2.80996
42.92500,-0.49589,2.83656
42.95000,-0.48903,2.86285
42.97500,-0.48185,2.88879
43.00000,-0.47437,2.91439
43.02500,-0.46657,2.93961
43.05000,-0.45848,2.96446
43.07500,-0.45009,2.98890
43.10000,-0.44141,3.01293
43.12500,-0.43245,3.03653
43.15000,-0.42320,3.05969
43.17500,-0.41368,3.08239
43.20000,-0.40388,3.10462
43.22500,-0.39383,3.12637
43.25000,-0.38351,3.14762
43.27500,-0.37294,3.16836
43.30000,-0.36213,3.18857
43.32500,-0.35108,3.20825
43.35000,-0.33979,3.22738
43.37500,-0.32828,3.24595
43.40000,-0.31655,3.26394
43.42500,-0.30461,3.28136
43.45000,-0.29247,3.29818
43.47500,-0.28012,3.31440
43.50000,-0.26759,3.33000
43.52500,-0.25488,3.34498
43.55000,-0.24199,3.35933
43.57500,-0.22894,3.37303
43.60000,-0.21572,3.38609
43.62500,-0.20236,3.39849
43.65000,-0.18885,3.41022
43.67500,-0.17522,3.42127
43.70000,-0.16145,3.43165
43.72500,-0.14757,3.44134
43.75000,-0.13358,3.45034
43.77500,-0.11949,3.45864
43.80000,-0.10531,3.46624
43.82500,-0.09105,3.47313
43.85000,-0.07672,3.47931
43.87500,-0.06232,3.48477
43.90000,-0.04786,3.48951
43.92500,-0.03336,3.49353
43.95000,-0.01882,3.49682
43.97500,-0.00426,3.49939
44.00000,0.01033,3.50123
44.02500,0.02493,3.50233
44.05000,0.03952,3.50271
44.07500,0.05411,3.50236
44.10000,0.06868,3.50127
44.12500,0.08323,3.49946
44.15000,0.09774,3.49692
44.17500,0.11221,3.49365
44.20000,0.12662,3.48965
44.22500,0.14096,3.48493
44.25000,0.15524,3.47949
44.27500,0.16944,3.47334
44.30000,0.18354,3.46648
44.32500,0.19755,3.45890
44.35000,0.21145,3.45062
44.37500,0.22523,3.44165
44.40000,0.23888,3.43198
44.42500,0.25241,3.42163
44.45000,0.26578,3.41059
44.47500,0.27901,3.39889
44.50000,0.29208,3.38652
44.52500,0.30498,3.37349
44.55000,0.31770,3.35981
44.57500,0.33024,3.34549
44.60000,0.34259,3.33054
44.62500,0.35474,3.31497
44.65000,0.36667,3.29878
44.67500,0.37840,3.28200
44.70000,0.38989,3.26462
44.72500,0.40116,3.24666
44.75000,0.41219,3.22814
44.77500,0.42297,3.20906
44.80000,0.43350,3.18943
44.82500,0.44377,3.16927
44.85000,0.45377,3.14859
44.87500,0.46350,3.12741
44.90000,0.47295,3.10573
44.92500,0.48212,3.08358
44.95000,0.49099,3.06096
44.97500,0.49957,3.03789
45.00000,0.50785,3.01438
45.02500,0.51581,2.99046
45.05000,0.52346,2.96613
45.07500,0.53079,2.94141
45.10000,0.53780,2.91631
45.12500,0.54448,2.89087
45.15000,0.55083,2.86508
45.17500,0.55683,2.83896
45.20000,0.56250,2.81254
45.22500,0.56782,2.78583
45.25000,0.57279,2.75884
45.27500,0.57741,2.73160
45.30000,0.58167,2.70413
45.32500,0.58557,2.67643
45.35000,0.58911,2.64853
45.37500,0.59229,2.62044
45.40000,0.59509,2.59219
45.42500,0.59753,2.56379
45.45000,0.59960,2.53527
45.47500,0.60129,2.50663
45.50000,0.60261,2.47790
45.52500,0.60356,2.44910
45.55000,0.60412,2.42024
45.57500,0.60431,2.39135
45.60000,0.60412,2.36244
45.62500,0.60356,2.33353
45.65000,0.60261,2.30465
45.67500,0.60129,2.27580
45.70000,0.59959,2.24702
45.72500,0.59751,2.21831
45.75000,0.59505,2.18970
45.77500,0.59222,2.16120
45.80000,0.58902,2.13284
45.82500,0.58544,2.10463
45.85000,0.58150,2.07660
45.87500,0.57718,2.04876
45.90000,0.57250,2.02112
45.92500,0.56746,1.99371
45.95000,0.56205,1.96655
45.97500,0.55629,1.93965
46.00000,0.55018,1.91304
46.02500,0.54371,1.88672
46.05000,0.53689,1.86072
46.07500,0.52973,1.83506
46.10000,0.52224,1.80975
46.12500,0.51440,1.78480
46.15000,0.50624,1.76025
46.17500,0.49775,1.73609
46.20000,0.48894,1.71236
46.22500,0.47982,1.68906
46.25000,0.47038,1.66621
46.27500,0.46064,1.64382
46.30000,0.45060,1.62192
46.32500,0.44027,1.60052
46.35000,0.42965,1.57963
46.37500,0.41875,1.55926
46.40000,0.40758,1.53944
46.42500,0.39614,1.52017
46.45000,0.38444,1.50147
46.47500,0.37249,1.48335
46.50000,0.36029,1.46582
46.52500,0.34785,1.44890
46.55000,0.33518,1.43259
46.57500,0.32229,1.41692
46.60000,0.30918,1.40189
46.62500,0.29587,1.38751
46.65000,0.28235,1.37379
46.67500,0.26864,1.36075
46.70000,0.25476,1.34839
46.72500,0.24069,1.33672
46.75000,0.22646,1.32575
46.77500,0.21208,1.31550
46.80000,0.19754,1.30596
46.82500,0.18287,1.29714
46.85000,0.16807,1.28906
46.87500,0.15314,1.28171
46.90000,0.13811,1.27511
46.92500,0.12297,1.26926
46.95000,0.10774,1.26417
46.97500,0.09242,1.25984
47.00000,0.07703,1.25627
47.02500,0.06158,1.25347
47.05000,0.04607,1.25145
47.07500,0.03051,1.25020
47.10000,0.01492,1.24972
47.12500,-0.00069,1.25003
47.15000,-0.01633,1.25112
47.17500,-0.03196,1.25299
47.20000,-0.04760,1.25564
47.22500,-0.06322,1.25908
47.25000,-0.07882,1.26330
47.27500,-0.09439,1.26830
47.30000,-0.10991,1.27408
47.32500,-0.12538,1.28064
47.35000,-0.14079,1.28797
47.37500,-0.15613,1.29607
47.40000,-0.17138,1.30495
47.42500,-0.18655,1.31459
47.45000,-0.20161,1.32499
47.47500,-0.21656,1.33614
47.50000,-0.23140,1.34805
47.52500,-0.24610,1.36070
47.55000,-0.26067,1.37409
47.57500,-0.27509,1.38821
47.60000,-0.28935,1.40305
47.62500,-0.30344,1.41861
47.65000,-0.31736,1.43488
47.67500,-0.33110,1.45185
47.70000,-0.34464,1.46951
47.72500,-0.35798,1.48785
47.75000,-0.37111,1.50687
47.77500,-0.38403,1.52654
47.80000,-0.39671,1.54686
47.82500,-0.40916,1.56783
47.85000,-0.42137,1.58942
47.87500,-0.43333,1.61162
47.90000,-0.44503,1.63443
47.92500,-0.45646,1.65782
47.95000,-0.46762,1.68180
47.97500,-0.47850,1.70634
48.00000,-0.48909,1.73142
48.02500,-0.49938,1.75704
48.05000,-0.50937,1.78318
48.07500,-0.51906,1.80983
48.10000,-0.52843,1.83697
48.12500,-0.53747,1.86458
48.15000,-0.54620,1.89265
48.17500,-0.55458,1.92116
48.20000,-0.56263,1.95009
48.22500,-0.57034,1.97944
48.25000,-0.57770,2.00917
48.27500,-0.58470,2.03928
48.30000,-0.59135,2.06975
48.32500,-0.59763,2.10056
48.35000,-0.60354,2.13168
48.37500,-0.60909,2.16311
48.40000,-0.61425,2.19482
48.42500,-0.61904,2.22679
48.45000,-0.62345,2.25902
48.47500,-0.62747,2.29146
48.50000,-0.63110,2.32412
48.52500,-0.63434,2.35696
48.55000,-0.63719,2.38998
48.57500,-0.63964,2.42314
48.60000,-0.64169,2.45643
48.62500,-0.64334,2.48983
48.65000,-0.64460,2.52332
48.67500,-0.64545,2.55687
48.70000,-0.64589,2.59048
48.72500,-0.64594,2.62412
48.75000,-0.64558,2.65776
48.77500,-0.64481,2.69139
48.80000,-0.64364,2.72499
48.82500,-0.64207,2.75854
48.85000,-0.64009,2.79202
48.87500,-0.63772,2.82540
48.90000,-0.63493,2.85867
48.92500,-0.63175,2.89181
48.95000,-0.62817,2.92480
48.97500,-0.62420,2.95761
49.00000,-0.61983,2.99023
49.02500,-0.61506,3.02264
49.05000,-0.60991,3.05481
49.07500,-0.60437,3.08674
49.10000,-0.59845,3.11839
49.12500,-0.59214,3.14975
49.15000,-0.58546,3.18080
49.17500,-0.57841,3.21153
49.20000,-0.57098,3.24190
49.22500,-0.56319,3.27191
49.25000,-0.55505,3.30154
49.27500,-0.54654,3.33076
49.30000,-0.53769,3.35957
49.32500,-0.52849,3.38793
49.35000,-0.51894,3.41584
49.37500,-0.50907,3.44328
49.40000,-0.49887,3.47023
49.42500,-0.48834,3.49668
49.45000,-0.47750,3.52260
49.47500,-0.46634,3.54798
49.50000,-0.45489,3.57281
49.52500,-0.44314,3.59708
49.55000,-0.43110,3.62075
49.57500,-0.41877,3.64383
49.60000,-0.40618,3.66630
49.62500,-0.39331,3.68814
49.65000,-0.38019,3.70934
49.67500,-0.36681,3.72989
49.70000,-0.35320,3.74978
49.72500,-0.33934,3.76898
49.75000,-0.32527,3.78750
49.77500,-0.31097,3.80531
49.80000,-0.29646,3.82241
49.82500,-0.28176,3.83879
49.85000,-0.26686,3.85444
49.87500,-0.25179,3.86934
49.90000,-0.23653,3.88349
49.92500,-0.22112,3.89688
49.95000,-0.20555,3.90950
49.97500,-0.18984,3.92135
50.00000,-0.17399,3.93241
50.02500,-0.15802,3.94268
50.05000,-0.14193,3.95215
50.07500,-0.12574,3.96082
50.10000,-0.10946,3.96868
50.12500,-0.09309,3.97572
50.15000,-0.07664,3.98195
50.17500,-0.06013,3.98736
50.20000,-0.04357,3.99194
50.22500,-0.02696,3.99569
50.25000,-0.01032,3.99861
50.27500,0.00635,4.00070
50.30000,0.02302,4.00195
50.32500,0.03970,4.00237
50.35000,0.05637,4.00196
50.37500,0.07302,4.00071
50.40000,0.08965,3.99863
50.42500,0.10623,3.99571
50.45000,0.12276,3.99197
50.47500,0.13924,3.98739
50.50000,0.15564,3.98199
50.52500,0.17196,3.97577
50.55000,0.18819,3.96873
50.57500,0.20432,3.96088
50.60000,0.22033,3.95222
50.62500,0.23623,3.94276
50.65000,0.25199,3.93249
50.67500,0.26761,3.92144
50.70000,0.28307,3.90960
50.72500,0.29838,3.89699
50.75000,0.31351,3.88361
50.77500,0.32847,3.86947
50.80000,0.34323,3.85458
50.82500,0.35779,3.83894
50.85000,0.37214,3.82258
50.87500,0.38628,3.80549
50.90000,0.40018,3.78769
50.92500,0.41385,3.76920
50.95000,0.42727,3.75001
50.97500,0.44044,3.73015
51.00000,0.45335,3.70963
51.02500,0.46598,3.68846
51.05000,0.47834,3.66665
51.07500,0.49041,3.64422
51.10000,0.50218,3.62118
51.12500,0.51365,3.59755
51.15000,0.52482,3.57334
51.17500,0.53566,3.54857
51.20000,0.54618,3.52325
51.22500,0.55636,3.49740
51.25000,0.56621,3.47103
51.27500,0.57572,3.44417
51.30000,0.58487,3.41682
51.32500,0.59367,3.38902
51.35000,0.60210,3.36077
51.37500,0.61017,3.33209
51.40000,0.61786,3.30300
51.42500,0.62517,3.27352
51.45000,0.63210,3.24367
51.47500,0.63864,3.21347
51.50000,0.64478,3.18293
51.52500,0.65053,3.15209
51.55000,0.65588,3.12095
51.57500,0.66082,3.08953
51.60000,0.66535,3.05787
51.62500,0.66947,3.02597
51.65000,0.67318,2.99386
51.67500,0.67647,2.96156
51.70000,0.67934,2.92908
51.72500,0.68178,2.89646
51.75000,0.68380,2.86371
51.77500,0.68540,2.83086
51.80000,0.68657,2.79791
51.82500,0.68731,2.76491
51.85000,0.68762,2.73186
51.87500,0.68750,2.69879
51.90000,0.68695,2.66572
51.92500,0.68597,2.63267
51.95000,0.68456,2.59966
51.97500,0.68272,2.56672
52.00000,0.68045,2.53387
52.02500,0.67775,2.50112
52.05000,0.67463,2.46850
52.07500,0.67108,2.43603
52.10000,0.66711,2.40374
52.12500,0.66271,2.37164
52.15000,0.65790,2.33975
52.17500,0.65267,2.30810
52.20000,0.64703,2.27670
52.22500,0.64098,2.24558
52.25000,0.63452,2.21476
52.27500,0.62766,2.18426
52.30000,0.62040,2.15409
52.32500,0.61274,2.12428
52.35000,0.60469,2.09485
52.37500,0.59626,2.06582
52.40000,0.58744,2.03721
52.42500,0.57825,2.00903
52.45000,0.56869,1.98130
52.47500,0.55877,1.95405
52.50000,0.54848,1.92729
52.52500,0.53784,1.90105
52.55000,0.52686,1.87532
52.57500,0.51553,1.85015
52.60000,0.50387,1.82554
52.62500,0.49189,1.80150
52.65000,0.47959,1.77806
52.67500,0.46697,1.75524
52.70000,0.45405,1.73304
52.72500,0.44083,1.71148
52.75000,0.42733,1.69058
52.77500,0.41354,1.67036
52.80000,0.39949,1.65082
52.82500,0.38517,1.63198
52.85000,0.37059,1.61385
52.87500,0.35577,1.59645
52.90000,0.34072,1.57978
52.92500,0.32543,1.56387
52.95000,0.30993,1.54872
52.97500,0.29422,1.53435
53.00000,0.27831,1.52075
53.02500,0.26221,1.50795
53.05000,0.24593,1.49596
53.07500,0.22948,1.48477
53.10000,0.21288,1.47441
53.12500,0.19612,1.46488
53.15000,0.17923,1.45618
53.17500,0.16221,1.44832
53.20000,0.14507,1.44132
53.22500,0.12782,1.43517
53.25000,0.11048,1.42989
53.27500,0.09305,1.42547
53.30000,0.07555,1.42192
53.32500,0.05798,1.41925
53.35000,0.04036,1.41746
53.37500,0.02270,1.41654
53.40000,0.00501,1.41651
53.42500,-0.01270,1.41737
53.45000,-0.03042,1.41911
53.47500,-0.04814,1.42174
53.50000,-0.06584,1.42525
53.52500,-0.08352,1.42966
53.55000,-0.10116,1.43494
53.57500,-0.11876,1.44111
53.60000,-0.13630,1.44816
53.62500,-0.15377,1.45609
53.65000,-0.17116,1.46490
53.67500,-0.18846,1.47457
53.70000,-0.20566,1.48511
53.72500,-0.22274,1.49652
53.75000,-0.23970,1.50878
53.77500,-0.25653,1.52189
53.80000,-0.27321,1.53584
53.82500,-0.28974,1.55063
53.85000,-0.30610,1.56625
53.87500,-0.32228,1.58270
53.90000,-0.33828,1.59995
53.92500,-0.35408,1.61800
53.95000,-0.36968,1.63685
53.97500,-0.38505,1.65649
54.00000,-0.40020,1.67689
54.02500,-0.41512,1.69806
54.05000,-0.42979,1.71997
54.07500,-0.44420,1.74262
54.10000,-0.45835,1.76600
54.12500,-0.47222,1.79008
54.15000,-0.48581,1.81487
54.17500,-0.49911,1.84034
54.20000,-0.51212,1.86647
54.22500,-0.52481,1.89326
54.25000,-0.53718,1.92069
54.27500,-0.54923,1.94875
54.30000,-0.56095,1.97741
54.32500,-0.57233,2.00666
54.35000,-0.58336,2.03648
54.37500,-0.59404,2.06686
54.40000,-0.60435,2.09778
54.42500,-0.61430,2.12922
54.45000,-0.62387,2.16116
54.47500,-0.63305,2.19358
54.50000,-0.64185,2.22647
54.52500,-0.65026,2.25980
54.55000,-0.65827,2.29356
54.57500,-0.66587,2.32773
54.60000,-0.67307,2.36228
54.62500,-0.67985,2.39719
54.65000,-0.68621,2.43245
54.67500,-0.69214,2.46803
54.70000,-0.69765,2.50391
54.72500,-0.70273,2.54008
54.75000,-0.70737,2.57650
54.77500,-0.71158,2.61316
54.80000,-0.71534,2.65003
54.82500,-0.71866,2.68710
54.85000,-0.72153,2.72434
54.87500,-0.72395,2.76173
54.90000,-0.72593,2.79925
54.92500,-0.72745,2.83687
54.95000,-0.72851,2.87457
54.97500,-0.72913,2.91233
55.00000,-0.72928,2.95012
55.02500,-0.72898,2.98793
55.05000,-0.72822,3.02573
55.07500,-0.72701,3.06349
55.10000,-0.72534,3.10120
55.12500,-0.72322,3.13883
55.15000,-0.72064,3.17636
55.17500,-0.71761,3.21377
55.20000,-0.71413,3.25103
55.22500,-0.71019,3.28812
55.25000,-0.70581,3.32502
55.27500,-0.70098,3.36170
55.30000,-0.69571,3.39815
55.32500,-0.69000,3.43434
55.35000,-0.68386,3.47025
55.37500,-0.67728,3.50585
55.40000,-0.67027,3.54113
55.42500,-0.66283,3.57607
55.45000,-0.65497,3.61063
55.47500,-0.64670,3.64481
55.50000,-0.63801,3.67858
55.52500,-0.62892,3.71192
55.55000,-0.61943,3.74481
55.57500,-0.60954,3.77723
55.60000,-0.59926,3.80916
55.62500,-0.58859,3.84057
55.65000,-0.57755,3.87146
55.67500,-0.56613,3.90180
55.70000,-0.55435,3.93157
55.72500,-0.54222,3.96076
55.75000,-0.52973,3.98934
55.77500,-0.51690,4.01730
55.80000,-0.50374,4.04463
55.82500,-0.49025,4.07130
55.85000,-0.47644,4.09729
55.87500,-0.46232,4.12260
55.90000,-0.44790,4.14721
55.92500,-0.43318,4.17110
55.95000,-0.41818,4.19425
55.97500,-0.40291,4.21666
56.00000,-0.38737,4.23830
56.02500,-0.37157,4.25918
56.05000,-0.35553,4.27926
56.07500,-0.33925,4.29854
56.10000,-0.32274,4.31701
56.12500,-0.30602,4.33466
56.15000,-0.28909,4.35147
56.17500,-0.27197,4.36744
56.20000,-0.25465,4.38255
56.22500,-0.23717,4.39680
56.25000,-0.21952,4.41018
56.27500,-0.20172,4.42267
56.30000,-0.18377,4.43428
56.32500,-0.16570,4.44498
56.35000,-0.14750,4.45479
56.37500,-0.12920,4.46369
56.40000,-0.11080,4.47167
56.42500,-0.09231,4.47873
56.45000,-0.07375,4.48487
56.47500,-0.05513,4.49007
56.50000,-0.03646,4.49435
56.52500,-0.01774,4.49770
56.55000,0.00100,4.50010
56.57500,0.01976,4.50158
56.60000,0.03852,4.50211
56.62500,0.05727,4.50170
56.65000,0.07601,4.50036
56.67500,0.09471,4.49807
56.70000,0.11337,4.49485
56.72500,0.13198,4.49070
56.75000,0.15052,4.48562
56.77500,0.16898,4.47960
56.80000,0.18735,4.47266
56.82500,0.20562,4.46481
56.85000,0.22378,4.45603
56.87500,0.24182,4.44635
56.90000,0.25972,4.43576
56.92500,0.27747,4.42428
56.95000,0.29506,4.41190
56.97500,0.31249,4.39865
57.00000,0.32973,4.38452
57.02500,0.34679,4.36952
57.05000,0.36364,4.35367
57.07500,0.38028,4.33698
57.10000,0.39670,4.31945
57.12500,0.41288,4.30109
57.15000,0.42882,4.28193
57.17500,0.44450,4.26196
57.20000,0.45992,4.24121
57.22500,0.47507,4.21968
57.25000,0.48993,4.19739
57.27500,0.50450,4.17436
57.30000,0.51876,4.15059
57.32500,0.53271,4.12611
57.35000,0.54635,4.10093
57.37500,0.55965,4.07506
57.40000,0.57261,4.04852
57.42500,0.58523,4.02133
57.45000,0.59749,3.99350
57.47500,0.60939,3.96506
57.50000,0.62092,3.93602
57.52500,0.63206,3.90640
57.55000,0.64283,3.87621
57.57500,0.65320,3.84549
57.60000,0.66317,3.81424
57.62500,0.67273,3.78249
57.65000,0.68188,3.75026
57.67500,0.69062,3.71756
57.70000,0.69893,3.68442
57.72500,0.70681,3.65087
57.75000,0.71425,3.61691
57.77500,0.72125,3.58258
57.80000,0.72781,3.54790
57.82500,0.73392,3.51288
57.85000,0.73957,3.47755
57.87500,0.74477,3.44193
57.90000,0.74950,3.40605
57.92500,0.75377,3.36993
57.95000,0.75758,3.33359
57.97500,0.76091,3.29706
58.00000,0.76377,3.26035
58.02500,0.76615,3.22350
58.05000,0.76806,3.18652
58.07500,0.76948,3.14945
58.10000,0.77043,3.11230
58.12500,0.77089,3.07509
58.15000,0.77088,3.03786
58.17500,0.77038,3.00062
58.20000,0.76940,2.96341
58.22500,0.76794,2.92624
58.25000,0.76599,2.88914
58.27500,0.76357,2.85213
58.30000,0.76066,2.81523
58.32500,0.75728,2.77848
58.35000,0.75342,2.74190
58.37500,0.74908,2.70550
58.40000,0.74427,2.66931
58.42500,0.73900,2.63336
58.45000,0.73325,2.59768
58.47500,0.72705,2.56227
58.50000,0.72038,2.52717
58.52500,0.71325,2.49240
58.55000,0.70568,2.45798
58.57500,0.69765,2.42394
58.60000,0.68919,2.39029
58.62500,0.68028,2.35707
58.65000,0.67094,2.32428
58.67500,0.66117,2.29196
58.70000,0.65098,2.26012
58.72500,0.64038,2.22879
58.75000,0.62937,2.19799
58.77500,0.61795,2.16774
58.80000,0.60613,2.13805
58.82500,0.59393,2.10895
58.85000,0.58135,2.08045
58.87500,0.56839,2.05259
58.90000,0.55506,2.02536
58.92500,0.54138,1.99880
58.95000,0.52734,1.97293
58.97500,0.51296,1.94775
59.00000,0.49826,1.92329
59.02500,0.48322,1.89956
59.05000,0.46787,1.87658
59.07500,0.45222,1.85437
59.10000,0.43627,1.83293
59.12500,0.42003,1.81230
59.15000,0.40352,1.79247
59.17500,0.38674,1.77346
59.20000,0.36970,1.75530
59.22500,0.35242,1.73798
59.25000,0.33490,1.72153
59.27500,0.31716,1.70595
59.30000,0.29920,1.69125
59.32500,0.28105,1.67746
59.35000,0.26270,1.66457
59.37500,0.24417,1.65259
59.40000,0.22547,1.64154
59.42500,0.20662,1.63143
59.45000,0.18762,1.62226
59.47500,0.16849,1.61403
59.50000,0.14924,1.60677
59.52500,0.12988,1.60046
59.55000,0.11042,1.59513
59.57500,0.09087,1.59076
59.60000,0.07125,1.58737
59.62500,0.05157,1.58497
59.65000,0.03184,1.58355
59.67500,0.01208,1.58311
59.70000,-0.00771,1.58367
59.72500,-0.02751,1.58521
59.75000,-0.04731,1.58775
59.77500,-0.06710,1.59127
59.80000,-0.08686,1.59579
59.82500,-0.10659,1.60129
59.85000,-0.12626,1.60778
59.87500,-0.14587,1.61526
59.90000,-0.16541,1.62372
59.92500,-0.18486,1.63315
59.95000,-0.20421,1.64356
59.97500,-0.22345,1.65494
60.00000,-0.24256,1.66729
60.02500,-0.26154,1.68059
60.05000,-0.28037,1.69484
60.07500,-0.29904,1.71003
60.10000,-0.31754,1.72616
60.12500,-0.33586,1.74322
60.15000,-0.35398,1.76120
60.17500,-0.37190,1.78008
60.20000,-0.38959,1.79986
60.22500,-0.40706,1.82053
60.25000,-0.42429,1.84207
60.27500,-0.44127,1.86448
60.30000,-0.45798,1.88774
60.32500,-0.47442,1.91184
60.35000,-0.49058,1.93677
60.37500,-0.50645,1.96250
60.40000,-0.52201,1.98903
60.42500,-0.53726,2.01634
60.45000,-0.55219,2.04442
60.47500,-0.56678,2.07325
60.50000,-0.58103,2.10281
60.52500,-0.59493,2.13308
60.55000,-0.60846,2.16406
60.57500,-0.62163,2.19571
60.60000,-0.63442,2.22802
60.62500,-0.64682,2.26098
60.65000,-0.65883,2.29457
60.67500,-0.67044,2.32875
60.70000,-0.68164,2.36352
60.72500,-0.69242,2.39886
60.75000,-0.70277,2.43473
60.77500,-0.71270,2.47113
60.80000,-0.72218,2.50803
60.82500,-0.73123,2.54540
60.85000,-0.73982,2.58323
60.87500,-0.74796,2.62150
60.90000,-0.75563,2.66018
60.92500,-0.76284,2.69924
60.95000,-0.76958,2.73867
60.97500,-0.77584,2.77844
61.00000,-0.78163,2.81852
61.02500,-0.78692,2.85890
61.05000,-0.79173,2.89955
61.07500,-0.79605,2.94044
61.10000,-0.79988,2.98155
61.12500,-0.80320,3.02286
61.15000,-0.80603,3.06434
61.17500,-0.80836,3.10596
61.20000,-0.81018,3.14770
61.22500,-0.81149,3.18954
61.25000,-0.81230,3.23145
61.27500,-0.81261,3.27340
61.30000,-0.81240,3.31537
61.32500,-0.81169,3.35734
61.35000,-0.81046,3.39927
61.37500,-0.80873,3.44115
61.40000,-0.80649,3.48294
61.42500,-0.80375,3.52462
61.45000,-0.80050,3.56617
61.47500,-0.79675,3.60757
61.50000,-0.79249,3.64877
61.52500,-0.78774,3.68977
61.55000,-0.78249,3.73054
61.57500,-0.77675,3.77105
61.60000,-0.77051,3.81127
61.62500,-0.76379,3.85118
61.65000,-0.75659,3.89076
61.67500,-0.74890,3.92999
61.70000,-0.74075,3.96883
61.72500,-0.73212,4.00727
61.75000,-0.72302,4.04528
61.77500,-0.71347,4.08284
61.80000,-0.70346,4.11993
61.82500,-0.69301,4.15651
61.85000,-0.68211,4.19258
61.87500,-0.67078,4.22811
61.90000,-0.65902,4.26307
61.92500,-0.64683,4.29745
61.95000,-0.63424,4.33122
61.97500,-0.62123,4.36436
62.00000,-0.60783,4.39685
62.02500,-0.59403,4.42868
62.05000,-0.57986,4.45982
62.07500,-0.56531,4.49025
62.10000,-0.55039,4.51996
62.12500,-0.53511,4.54893
62.15000,-0.51949,4.57713
62.17500,-0.50354,4.60455
62.20000,-0.48725,4.63118
62.22500,-0.47065,4.65699
62.25000,-0.45374,4.68198
62.27500,-0.43653,4.70612
62.30000,-0.41903,4.72941
62.32500,-0.40126,4.75182
62.35000,-0.38322,4.77334
62.37500,-0.36493,4.79396
62.40000,-0.34640,4.81367
62.42500,-0.32763,4.83246
62.45000,-0.30865,4.85030
62.47500,-0.28945,4.86720
62.50000,-0.27006,4.88314
62.52500,-0.25049,4.89811
62.55000,-0.23074,4.91210
62.57500,-0.21083,4.92511
62.60000,-0.19078,4.93712
62.62500,-0.17059,4.94813
62.65000,-0.15027,4.95813
62.67500,-0.12985,4.96711
62.70000,-0.10933,4.97507
62.72500,-0.08872,4.98201
62.75000,-0.06805,4.98791
62.77500,-0.04731,4.99279
62.80000,-0.02653,4.99662
62.82500,-0.00571,4.99942
62.85000,0.01513,5.00117
62.87500,0.03597,5.00188
62.90000,0.05681,5.00155
62.92500,0.07763,5.00018
62.95000,0.09841,4.99776
62.97500,0.11915,4.99431
63.00000,0.13984,4.98981
63.02500,0.16045,4.98428
63.05000,0.18098,4.97772
63.07500,0.20141,4.97013
63.10000,0.22173,4.96152
63.12500,0.24193,4.95189
63.15000,0.26199,4.94125
63.17500,0.28191,4.92961
63.20000,0.30166,4.91697
63.22500,0.32125,4.90334
63.25000,0.34064,4.88872
63.27500,0.35984,4.87314
63.30000,0.37883,4.85659
63.32500,0.39760,4.83910
63.35000,0.41613,4.82066
63.37500,0.43442,4.80129
63.40000,0.45245,4.78101
63.42500,0.47021,4.75982
63.45000,0.48769,4.73775
63.47500,0.50488,4.71479
63.50000,0.52177,4.69098
63.52500,0.53834,4.66631
63.55000,0.55459,4.64082
63.57500,0.57051,4.61451
63.60000,0.58608,4.58740
63.62500,0.60130,4.55952
63.65000,0.61615,4.53086
63.67500,0.63063,4.50147
63.70000,0.64473,4.47134
63.72500,0.65844,4.44051
63.75000,0.67174,4.40899
63.77500,0.68463,4.37680
63.80000,0.69711,4.34396
63.82500,0.70916,4.31050
63.85000,0.72077,4.27643
63.87500,0.73195,4.24178
63.90000,0.74267,4.20656
63.92500,0.75294,4.17081
63.95000,0.76275,4.13454
63.97500,0.77208,4.09778
64.00000,0.78094,4.06054
64.02500,0.78932,4.02286
64.05000,0.79721,3.98476
64.07500,0.80461,3.94626
64.10000,0.81151,3.90739
64.12500,0.81791,3.86817
64.15000,0.82381,3.82862
64.17500,0.82919,3.78878
64.20000,0.83405,3.74866
64.22500,0.83840,3.70830
64.25000,0.84223,3.66772
64.27500,0.84554,3.62694
64.30000,0.84832,3.58599
64.32500,0.85057,3.54491
64.35000,0.85229,3.50370
64.37500,0.85347,3.46241
64.40000,0.85413,3.42105
64.42500,0.85425,3.37966
64.45000,0.85384,3.33826
64.47500,0.85289,3.29688
64.50000,0.85141,3.25554
64.52500,0.84939,3.21427
64.55000,0.84684,3.17310
64.57500,0.84376,3.13205
64.60000,0.84015,3.09115
64.62500,0.83602,3.05044
64.65000,0.83135,3.00992
64.67500,0.82616,2.96964
64.70000,0.82045,2.92961
64.72500,0.81423,2.88986
64.75000,0.80749,2.85043
64.77500,0.80023,2.81133
64.80000,0.79248,2.77258
64.82500,0.78422,2.73423
64.85000,0.77546,2.69628
64.87500,0.76622,2.65877
64.90000,0.75648,2.62171
64.92500,0.74627,2.58515
64.95000,0.73558,2.54909
64.97500,0.72442,2.51356
65.00000,0.71280,2.47859
65.02500,0.70073,2.44419
65.05000,0.68820,2.41040
65.07500,0.67524,2.37723
65.10000,0.66185,2.34471
65.12500,0.64803,2.31286
65.15000,0.63380,2.28169
65.17500,0.61915,2.25123
65.20000,0.60411,2.22151
65.22500,0.58868,2.19253
65.25000,0.57287,2.16433
65.27500,0.55669,2.13691
65.30000,0.54015,2.11030
65.32500,0.52326,2.08452
65.35000,0.50603,2.05958
65.37500,0.48847,2.03550
65.40000,0.47059,2.01229
65.42500,0.45240,1.98998
65.45000,0.43391,1.96858
65.47500,0.41514,1.94810
65.50000,0.39610,1.92856
65.52500,0.37679,1.90996
65.55000,0.35723,1.89234
65.57500,0.33744,1.87569
65.60000,0.31742,1.86003
65.62500,0.29718,1.84537
65.65000,0.27674,1.83172
65.67500,0.25612,1.81909
65.70000,0.23532,1.80750
65.72500,0.21435,1.79694
65.75000,0.19324,1.78743
65.77500,0.17198,1.77898
65.80000,0.15061,1.77159
65.82500,0.12912,1.76527
65.85000,0.10754,1.76002
65.87500,0.08587,1.75585
65.90000,0.06414,1.75276
65.92500,0.04234,1.75077
65.95000,0.02051,1.74986
65.97500,-0.00136,1.75004
66.00000,-0.02324,1.75132
66.02500,-0.04513,1.75369
66.05000,-0.06700,1.75716
66.07500,-0.08884,1.76172
66.10000,-0.11065,1.76738
66.12500,-0.13241,1.77413
66.15000,-0.15409,1.78196
66.17500,-0.17570,1.79088
66.20000,-0.19722,1.80088
66.22500,-0.21863,1.81196
66.25000,-0.23991,1.82411
66.27500,-0.26107,1.83733
66.30000,-0.28207,1.85160
66.32500,-0.30292,1.86693
66.35000,-0.32359,1.88330
66.37500,-0.34407,1.90070
66.40000,-0.36436,1.91913
66.42500,-0.38443,1.93858
66.45000,-0.40428,1.95903
66.47500,-0.42389,1.98048
66.50000,-0.44325,2.00291
66.52500,-0.46234,2.02631
66.55000,-0.48116,2.05066
66.57500,-0.49970,2.07596
66.60000,-0.51793,2.10218
66.62500,-0.53586,2.12932
66.65000,-0.55346,2.15736
66.67500,-0.57074,2.18628
66.70000,-0.58766,2.21607
66.72500,-0.60423,2.24671
66.75000,-0.62044,2.27817
66.77500,-0.63627,2.31045
66.80000,-0.65172,2.34352
66.82500,-0.66676,2.37737
66.85000,-0.68141,2.41197
66.87500,-0.69563,2.44731
66.90000,-0.70944,2.48336
66.92500,-0.72281,2.52010
66.95000,-0.73573,2.55751
66.97500,-0.74821,2.59558
67.00000,-0.76023,2.63426
67.02500,-0.77178,2.67356
67.05000,-0.78286,2.71343
67.07500,-0.79345,2.75386
67.10000,-0.80356,2.79482
67.12500,-0.81317,2.83629
67.15000,-0.82228,2.87824
67.17500,-0.83089,2.92065
67.20000,-0.83898,2.96349
67.22500,-0.84655,3.00675
67.25000,-0.85360,3.05038
67.27500,-0.86012,3.09436
67.30000,-0.86610,3.13868
67.32500,-0.87155,3.18330
67.35000,-0.87646,3.22819
67.37500,-0.88082,3.27333
67.40000,-0.88464,3.31869
67.42500,-0.88790,3.36425
67.45000,-0.89061,3.40997
67.47500,-0.89277,3.45583
67.50000,-0.89437,3.50180
67.52500,-0.89541,3.54785
67.55000,-0.89589,3.59396
67.57500,-0.89582,3.64009
67.60000,-0.89518,3.68622
67.62500,-0.89398,3.73232
67.65000,-0.89222,3.77837
67.67500,-0.88991,3.82433
67.70000,-0.88703,3.87018
67.72500,-0.88360,3.91588
67.75000,-0.87961,3.96142
67.77500,-0.87507,4.00676
67.80000,-0.86998,4.05187
67.82500,-0.86434,4.09673
67.85000,-0.85815,4.14132
67.87500,-0.85143,4.18559
67.90000,-0.84416,4.22953
67.92500,-0.83636,4.27311
67.95000,-0.82804,4.31631
67.97500,-0.81919,4.35908
68.00000,-0.80982,4.40142
68.02500,-0.79994,4.44329
68.05000,-0.78955,4.48467
68.07500,-0.77866,4.52554
68.10000,-0.76727,4.56586
68.12500,-0.75540,4.60561
68.15000,-0.74304,4.64477
68.17500,-0.73021,4.68331
68.20000,-0.71692,4.72122
68.22500,-0.70316,4.75846
68.25000,-0.68896,4.79501
68.27500,-0.67432,4.83086
68.30000,-0.65924,4.86597
68.32500,-0.64374,4.90034
68.35000,-0.62782,4.93393
68.37500,-0.61150,4.96672
68.40000,-0.59479,4.99870
68.42500,-0.57769,5.02985
68.45000,-0.56022,5.06014
68.47500,-0.54239,5.08956
68.50000,-0.52420,5.11809
68.52500,-0.50567,5.14571
68.55000,-0.48681,5.17241
68.57500,-0.46764,5.19816
68.60000,-0.44816,5.22296
68.62500,-0.42838,5.24678
68.65000,-0.40832,5.26961
68.67500,-0.38799,5.29144
68.70000,-0.36740,5.31226
68.72500,-0.34657,5.33205
68.75000,-0.32551,5.35079
68.77500,-0.30423,5.36848
68.80000,-0.28274,5.38511
68.82500,-0.26106,5.40067
68.85000,-0.23920,5.41514
68.87500,-0.21717,5.42852
68.90000,-0.19499,5.44079
68.92500,-0.17268,5.45196
68.95000,-0.15024,5.46201
68.97500,-0.12769,5.47095
69.00000,-0.10504,5.47875
69.02500,-0.08232,5.48542
69.05000,-0.05952,5.49095
69.07500,-0.03667,5.49535
69.10000,-0.01378,5.49860
69.12500,0.00913,5.50070
69.15000,0.03206,5.50166
69.17500,0.05498,5.50147
69.20000,0.07788,5.50014
69.22500,0.10076,5.49766
69.25000,0.12358,5.49404
69.27500,0.14634,5.48927
69.30000,0.16903,5.48336
69.32500,0.19163,5.47632
69.35000,0.21413,5.46815
69.37500,0.23651,5.45886
69.40000,0.25876,5.44844
69.42500,0.28086,5.43691
69.45000,0.30280,5.42427
69.47500,0.32457,5.41054
69.50000,0.34615,5.39571
69.52500,0.36753,5.37981
69.55000,0.38869,5.36283
69.57500,0.40963,5.34480
69.60000,0.43032,5.32571
69.62500,0.45077,5.30559
69.65000,0.47094,5.28445
69.67500,0.49084,5.26230
69.70000,0.51044,5.23915
69.72500,0.52973,5.21502
69.75000,0.54871,5.18992
69.77500,0.56736,5.16387
69.80000,0.58567,5.13689
69.82500,0.60363,5.10899
69.85000,0.62122,5.08019
69.87500,0.63843,5.05051
69.90000,0.65526,5.01997
69.92500,0.67169,4.98858
69.95000,0.68771,4.95637
69.97500,0.70331,4.92336
70.00000,0.71848,4.88957
70.02500,0.73322,4.85501
70.05000,0.74751,4.81972
70.07500,0.76134,4.78371
70.10000,0.77470,4.74701
70.12500,0.78759,4.70963
70.15000,0.79999,4.67161
70.17500,0.81191,4.63297
70.20000,0.82332,4.59373
70.22500,0.83423,4.55392
70.25000,0.84462,4.51356
70.27500,0.85449,4.47268
70.30000,0.86384,4.43130
70.32500,0.87265,4.38946
70.35000,0.88092,4.34717
70.37500,0.88865,4.30446
70.40000,0.89583,4.26137
70.42500,0.90245,4.21792
70.45000,0.90851,4.17413
70.47500,0.91401,4.13004
70.50000,0.91894,4.08567
70.52500,0.92329,4.04105
70.55000,0.92708,3.99621
70.57500,0.93029,3.95118
70.60000,0.93291,3.90599
70.62500,0.93496,3.86067
70.65000,0.93642,3.81524
70.67500,0.93730,3.76974
70.70000,0.93759,3.72419
70.72500,0.93730,3.67862
70.75000,0.93642,3.63307
70.77500,0.93495,3.58756
70.80000,0.93290,3.54212
70.82500,0.93026,3.49678
70.85000,0.92704,3.45157
70.87500,0.92324,3.40652
70.90000,0.91886,3.36166
70.92500,0.91390,3.31701
70.95000,0.90836,3.27262
70.97500,0.90225,3.22849
71.00000,0.89558,3.18467
71.02500,0.88834,3.14119
71.05000,0.88053,3.09806
71.07500,0.87217,3.05532
71.10000,0.86327,3.01300
71.12500,0.85381,2.97113
71.15000,0.84381,2.92972
71.17500,0.83328,2.88881
71.20000,0.82222,2.84843
71.22500,0.81064,2.80860
71.25000,0.79854,2.76935
71.27500,0.78594,2.73070
71.30000,0.77283,2.69268
71.32500,0.75924,2.65531
71.35000,0.74515,2.61862
71.37500,0.73060,2.58264
71.40000,0.71557,2.54738
71.42500,0.70009,2.51287
71.45000,0.68415,2.47914
71.47500,0.66778,2.44620
71.50000,0.65098,2.41408
71.52500,0.63376,2.38280
71.55000,0.61614,2.35237
71.57500,0.59811,2.32283
71.60000,0.57970,2.29419
71.62500,0.56091,2.26647
71.65000,0.54176,2.23969
71.67500,0.52226,2.21386
71.70000,0.50241,2.18901
71.72500,0.48224,2.16515
71.75000,0.46176,2.14230
71.77500,0.44097,2.12048
71.80000,0.41988,2.09969
71.82500,0.39853,2.07996
71.85000,0.37690,2.06129
71.87500,0.35503,2.04370
71.90000,0.33292,2.02721
71.92500,0.31059,2.01182
71.95000,0.28804,1.99755
71.97500,0.26530,1.98441
72.00000,0.24238,1.97241
72.02500,0.21929,1.96155
72.05000,0.19605,1.95184
72.07500,0.17267,1.94330
72.10000,0.14917,1.93592
72.12500,0.12555,1.92973
72.15000,0.10184,1.92471
72.17500,0.07805,1.92088
72.20000,0.05420,1.91823
72.22500,0.03029,1.91679
72.25000,0.00635,1.91653
72.27500,-0.01761,1.91748
72.30000,-0.04157,1.91962
72.32500,-0.06553,1.92296
72.35000,-0.08946,1.92750
72.37500,-0.11336,1.93324
72.40000,-0.13720,1.94017
72.42500,-0.16097,1.94830
72.45000,-0.18465,1.95761
72.47500,-0.20824,1.96811
72.50000,-0.23171,1.97979
72.52500,-0.25505,1.99265
72.55000,-0.27825,2.00667
72.57500,-0.30130,2.02185
72.60000,-0.32417,2.03819
72.62500,-0.34685,2.05567
72.65000,-0.36933,2.07429
72.67500,-0.39160,2.09403
72.70000,-0.41363,2.11488
72.72500,-0.43543,2.13684
72.75000,-0.45696,2.15989
72.77500,-0.47823,2.18402
72.80000,-0.49921,2.20921
72.82500,-0.51989,2.23545
72.85000,-0.54026,2.26273
72.87500,-0.56031,2.29103
72.90000,-0.58002,2.32033
72.92500,-0.59938,2.35061
72.95000,-0.61838,2.38187
72.97500,-0.63701,2.41408
73.00000,-0.65525,2.44722
73.02500,-0.67309,2.48127
73.05000,-0.69052,2.51622
73.07500,-0.70754,2.55204
73.10000,-0.72412,2.58871
73.12500,-0.74026,2.62621
73.15000,-0.75595,2.66453
73.17500,-0.77118,2.70362
73.20000,-0.78594,2.74348
73.22500,-0.80021,2.78408
73.25000,-0.81400,2.82540
73.27500,-0.82728,2.86740
73.30000,-0.84006,2.91007
73.32500,-0.85232,2.95339
73.35000,-0.86405,2.99731
73.37500,-0.87525,3.04183
73.40000,-0.88592,3.08690
73.42500,-0.89603,3.13251
73.45000,-0.90560,3.17863
73.47500,-0.91460,3.22523
73.50000,-0.92303,3.27227
73.52500,-0.93090,3.31975
73.55000,-0.93819,3.36761
73.57500,-0.94489,3.41584
73.60000,-0.95101,3.46441
73.62500,-0.95654,3.51329
73.65000,-0.96148,3.56244
73.67500,-0.96582,3.61185
73.70000,-0.96955,3.66147
73.72500,-0.97268,3.71127
73.75000,-0.97521,3.76124
73.77500,-0.97713,3.81133
73.80000,-0.97843,3.86153
73.82500,-0.97913,3.91178
73.85000,-0.97922,3.96208
73.87500,-0.97869,4.01238
73.90000,-0.97755,4.06265
73.92500,-0.97580,4.11287
73.95000,-0.97343,4.16300
73.97500,-0.97046,4.21302
74.00000,-0.96688,4.26289
74.02500,-0.96269,4.31258
74.05000,-0.95789,4.36206
74.07500,-0.95250,4.41130
74.10000,-0.94650,4.46028
74.12500,-0.93991,4.50895
74.15000,-0.93272,4.55730
74.17500,-0.92495,4.60529
74.20000,-0.91659,4.65289
74.22500,-0.90766,4.70007
74.25000,-0.89815,4.74681
74.27500,-0.88807,4.79307
74.30000,-0.87743,4.83883
74.32500,-0.86624,4.88406
74.35000,-0.85449,4.92873
74.37500,-0.84220,4.97282
74.40000,-0.82938,5.01629
74.42500,-0.81603,5.05912
74.45000,-0.80216,5.10128
74.47500,-0.78778,5.14275
74.50000,-0.77290,5.18350
74.52500,-0.75753,5.22351
74.55000,-0.74167,5.26275
74.57500,-0.72533,5.30120
74.60000,-0.70854,5.33883
74.62500,-0.69128,5.37563
74.65000,-0.67359,5.41156
74.67500,-0.65546,5.44660
74.70000,-0.63690,5.48074
74.72500,-0.61794,5.51395
74.75000,-0.59858,5.54622
74.77500,-0.57883,5.57752
74.80000,-0.55871,5.60783
74.82500,-0.53822,5.63713
74.85000,-0.51738,5.66541
74.87500,-0.49621,5.69265
74.90000,-0.47471,5.71882
74.92500,-0.45290,5.74393
74.95000,-0.43079,5.76794
74.97500,-0.40840,5.79085
75.00000,-0.38573,5.81264
75.02500,-0.36281,5.83329
75.05000,-0.33965,5.85280
75.07500,-0.31626,5.87116
75.10000,-0.29266,5.88834
75.12500,-0.26886,5.90434
75.15000,-0.24487,5.91915
75.17500,-0.22072,5.93276
75.20000,-0.19641,5.94516
75.22500,-0.17196,5.95635
75.25000,-0.14739,5.96632
75.27500,-0.12271,5.97505
75.30000,-0.09794,5.98256
75.32500,-0.07309,5.98882
75.35000,-0.04817,5.99384
75.37500,-0.02321,5.99761
75.40000,0.00178,6.00014
